Food_ID,Food_Name,Quantity,Expiry_Date,Provider_ID,Provider_Type,Location,Food_Type,Meal_Type,Cleaned_Food_Type
1,Bread,43,03-17-2025,110,Grocery Store,South Kellyville,Vegetarian,Breakfast,Vegetarian
2,Soup,22,03-24-2025,791,Grocery Store,West James,Vegetarian,Dinner,Vegetarian
3,Fruits,46,03-28-2025,478,Catering Service,Lake Regina,Vegan,Breakfast,Vegan
4,Fruits,15,03-16-2025,930,Restaurant,Kellytown,Vegan,Lunch,Vegan
5,Soup,14,03-19-2025,279,Restaurant,Garciaport,Vegan,Dinner,Vegetarian
6,Vegetables,4,03-24-2025,378,Supermarket,South Johnshire,Vegan,Snacks,Vegan
7,Dairy,29,03-25-2025,268,Grocery Store,Nolanmouth,Vegetarian,Dinner,Vegetarian
8,Rice,49,03-28-2025,343,Catering Service,South Christopherborough,Vegetarian,Lunch,Vegan
9,Bread,46,03-25-2025,47,Supermarket,East Andrewland,Vegetarian,Snacks,Vegetarian
10,Rice,41,03-20-2025,528,Supermarket,Markport,Vegan,Dinner,Vegan
11,Pasta,39,03-17-2025,96,Grocery Store,Deborahland,Vegan,Breakfast,Vegetarian
12,Pasta,15,03-28-2025,899,Catering Service,North Steven,Vegetarian,Lunch,Vegetarian
13,Fruits,33,03-22-2025,115,Grocery Store,Floresville,Vegetarian,Snacks,Vegan
14,Bread,19,03-30-2025,621,Supermarket,Sarahland,Vegetarian,Dinner,Vegetarian
15,Salad,3,03-22-2025,74,Catering Service,Belindaville,Vegetarian,Breakfast,Vegan
16,Dairy,6,03-26-2025,862,Grocery Store,East Tammy,Non-Vegetarian,Snacks,Non-Vegetarian
17,Chicken,42,03-22-2025,417,Restaurant,East Ashleyshire,Non-Vegetarian,Snacks,Non-Vegetarian
18,Soup,28,03-27-2025,455,Catering Service,Madisonfort,Vegan,Snacks,Vegetarian
19,Rice,13,03-30-2025,419,Supermarket,Port Peter,Vegan,Breakfast,Vegan
20,Pasta,41,03-17-2025,306,Catering Service,North Keith,Non-Vegetarian,Snacks,Vegetarian
21,Rice,38,03-26-2025,277,Catering Service,West Aliciabury,Vegan,Dinner,Vegan
22,Chicken,46,03-21-2025,892,Grocery Store,Russellfurt,Non-Vegetarian,Snacks,Non-Vegetarian
23,Salad,43,03-26-2025,1,Supermarket,New Jessica,Vegan,Dinner,Vegan
24,Bread,20,03-30-2025,897,Catering Service,Villastad,Vegetarian,Lunch,Vegetarian
25,Rice,48,03-22-2025,898,Restaurant,Medinatown,Vegan,Breakfast,Vegan
26,Vegetables,34,03-27-2025,95,Supermarket,Christinaland,Vegan,Dinner,Vegan
27,Salad,12,03-23-2025,262,Supermarket,New Carol,Vegan,Breakfast,Vegan
28,Chicken,5,03-22-2025,606,Grocery Store,North Nathan,Non-Vegetarian,Dinner,Non-Vegetarian
29,Bread,18,03-19-2025,196,Restaurant,Bartonborough,Vegan,Lunch,Vegetarian
30,Soup,4,03-16-2025,616,Restaurant,Clarkberg,Vegetarian,Dinner,Vegetarian
31,Bread,42,03-22-2025,535,Grocery Store,Valdezborough,Vegetarian,Snacks,Vegetarian
32,Rice,27,03-21-2025,611,Supermarket,Port Kendraborough,Vegetarian,Lunch,Vegan
33,Salad,9,03-27-2025,798,Grocery Store,North Amanda,Vegetarian,Breakfast,Vegan
34,Bread,3,03-30-2025,396,Catering Service,Heatherside,Vegan,Breakfast,Vegetarian
35,Rice,6,03-23-2025,108,Supermarket,East Austin,Vegan,Breakfast,Vegan
36,Rice,35,03-20-2025,1,Supermarket,New Jessica,Vegan,Breakfast,Vegan
37,Fish,19,03-20-2025,389,Grocery Store,Davidborough,Non-Vegetarian,Dinner,Non-Vegetarian
38,Bread,48,03-22-2025,440,Grocery Store,Elliottberg,Vegetarian,Snacks,Vegetarian
39,Bread,48,03-22-2025,758,Catering Service,Port Patrick,Non-Vegetarian,Breakfast,Vegetarian
40,Fruits,12,03-27-2025,965,Restaurant,Port Bryce,Vegetarian,Breakfast,Vegan
41,Chicken,14,03-27-2025,450,Catering Service,Grahamside,Vegetarian,Dinner,Non-Vegetarian
42,Rice,50,03-16-2025,179,Supermarket,North Michelle,Vegan,Lunch,Vegan
43,Pasta,44,03-22-2025,29,Grocery Store,Patrickmouth,Vegan,Lunch,Vegetarian
44,Bread,39,03-22-2025,290,Supermarket,Bradleyport,Vegan,Snacks,Vegetarian
45,Fish,17,03-24-2025,874,Catering Service,Priceland,Non-Vegetarian,Lunch,Non-Vegetarian
46,Pasta,25,03-28-2025,576,Catering Service,East Emilyburgh,Vegetarian,Breakfast,Vegetarian
47,Salad,3,03-17-2025,420,Catering Service,Anthonyton,Vegan,Snacks,Vegan
48,Rice,30,03-16-2025,150,Grocery Store,North Jamesberg,Vegan,Breakfast,Vegan
49,Fish,41,03-17-2025,700,Supermarket,Morriston,Non-Vegetarian,Dinner,Non-Vegetarian
50,Salad,28,03-23-2025,514,Supermarket,Maxwellburgh,Vegetarian,Dinner,Vegan
51,Dairy,14,03-27-2025,828,Catering Service,Torresshire,Vegetarian,Snacks,Vegetarian
52,Vegetables,23,03-29-2025,460,Grocery Store,Lake Justin,Non-Vegetarian,Snacks,Vegan
53,Fruits,13,03-16-2025,174,Grocery Store,North Carolfurt,Vegetarian,Lunch,Vegan
54,Soup,15,03-17-2025,368,Grocery Store,North Lindseychester,Non-Vegetarian,Snacks,Vegetarian
55,Vegetables,19,03-17-2025,967,Grocery Store,Coleburgh,Vegetarian,Breakfast,Vegan
56,Vegetables,9,03-23-2025,125,Supermarket,Lake April,Non-Vegetarian,Lunch,Vegan
57,Chicken,23,03-17-2025,977,Restaurant,South Jessicachester,Vegan,Dinner,Non-Vegetarian
58,Pasta,39,03-28-2025,270,Catering Service,Cunninghambury,Vegan,Lunch,Vegetarian
59,Vegetables,38,03-22-2025,251,Restaurant,East Terrancemouth,Vegan,Snacks,Vegan
60,Pasta,49,03-28-2025,153,Restaurant,Hawkinsmouth,Non-Vegetarian,Breakfast,Vegetarian
61,Fruits,33,03-22-2025,243,Catering Service,West Catherine,Vegetarian,Lunch,Vegan
62,Rice,21,03-21-2025,520,Catering Service,Port Andre,Non-Vegetarian,Breakfast,Vegan
63,Salad,6,03-20-2025,335,Grocery Store,North Gary,Vegetarian,Dinner,Vegan
64,Soup,41,03-26-2025,678,Grocery Store,Lake Travis,Non-Vegetarian,Dinner,Vegetarian
65,Fruits,45,03-26-2025,602,Grocery Store,North Destiny,Non-Vegetarian,Breakfast,Vegan
66,Fish,6,03-22-2025,577,Catering Service,Lake Donna,Non-Vegetarian,Breakfast,Non-Vegetarian
67,Rice,50,03-24-2025,455,Catering Service,Madisonfort,Vegan,Breakfast,Vegan
68,Rice,15,03-25-2025,113,Catering Service,East Elizabethberg,Vegetarian,Snacks,Vegan
69,Bread,47,03-16-2025,504,Catering Service,Gaineschester,Vegetarian,Snacks,Vegetarian
70,Rice,7,03-16-2025,313,Supermarket,Boylechester,Vegetarian,Lunch,Vegan
71,Fish,45,03-19-2025,750,Supermarket,Michaelton,Vegetarian,Lunch,Non-Vegetarian
72,Dairy,11,03-24-2025,293,Catering Service,Joneshaven,Vegan,Dinner,Vegan
73,Soup,48,03-19-2025,485,Restaurant,East Andrea,Vegan,Breakfast,Vegetarian
74,Chicken,12,03-29-2025,387,Grocery Store,West Juliabury,Non-Vegetarian,Breakfast,Non-Vegetarian
75,Bread,35,03-24-2025,389,Grocery Store,Davidborough,Vegetarian,Dinner,Vegetarian
76,Pasta,40,03-16-2025,905,Restaurant,North Kennethshire,Vegan,Lunch,Vegetarian
77,Rice,4,03-19-2025,890,Restaurant,Pereztown,Vegetarian,Lunch,Vegan
78,Chicken,1,03-23-2025,913,Grocery Store,Erikatown,Non-Vegetarian,Dinner,Non-Vegetarian
79,Rice,25,03-19-2025,100,Catering Service,Mooreview,Vegan,Breakfast,Vegan
80,Dairy,36,03-29-2025,434,Restaurant,Nicoletown,Vegetarian,Breakfast,Vegetarian
81,Fruits,33,03-18-2025,848,Supermarket,Fowlerbury,Vegetarian,Snacks,Vegan
82,Vegetables,26,03-23-2025,631,Supermarket,North Kevinhaven,Non-Vegetarian,Snacks,Vegan
83,Rice,44,03-28-2025,312,Restaurant,North Ianbury,Vegetarian,Dinner,Vegan
84,Rice,25,03-23-2025,967,Grocery Store,Coleburgh,Vegan,Snacks,Vegan
85,Pasta,28,03-16-2025,554,Restaurant,Brandyberg,Vegan,Lunch,Vegetarian
86,Soup,13,03-30-2025,288,Supermarket,Maynardstad,Vegetarian,Dinner,Vegetarian
87,Salad,37,03-28-2025,34,Grocery Store,North Garybury,Vegan,Breakfast,Vegan
88,Vegetables,22,03-21-2025,491,Supermarket,Samanthabury,Non-Vegetarian,Dinner,Vegan
89,Chicken,3,03-27-2025,844,Grocery Store,Olsenstad,Vegan,Lunch,Non-Vegetarian
90,Bread,29,03-23-2025,477,Supermarket,East Jacobchester,Vegan,Breakfast,Vegetarian
91,Vegetables,9,03-22-2025,275,Supermarket,Brittanyport,Vegetarian,Breakfast,Vegan
92,Chicken,42,03-20-2025,752,Grocery Store,East Heatherport,Vegetarian,Breakfast,Non-Vegetarian
93,Salad,49,03-20-2025,264,Catering Service,New Richard,Vegetarian,Lunch,Vegan
94,Rice,35,03-16-2025,722,Restaurant,Linchester,Vegetarian,Lunch,Vegan
95,Pasta,19,03-24-2025,120,Restaurant,New Lisa,Vegan,Snacks,Vegetarian
96,Dairy,5,03-25-2025,656,Restaurant,South Tiffanyfort,Non-Vegetarian,Breakfast,Non-Vegetarian
97,Rice,44,03-21-2025,346,Grocery Store,Thomasville,Vegetarian,Dinner,Vegan
98,Salad,26,03-29-2025,632,Supermarket,Davidville,Vegetarian,Breakfast,Vegan
99,Bread,8,03-28-2025,162,Restaurant,Penabury,Non-Vegetarian,Dinner,Vegetarian
100,Vegetables,22,03-18-2025,647,Restaurant,West Kara,Vegan,Breakfast,Vegan
101,Dairy,35,03-23-2025,538,Restaurant,Jasonmouth,Non-Vegetarian,Dinner,Non-Vegetarian
102,Rice,35,03-19-2025,584,Supermarket,Moralesside,Vegetarian,Snacks,Vegan
103,Bread,35,03-30-2025,391,Supermarket,South Jerryside,Non-Vegetarian,Snacks,Vegetarian
104,Dairy,3,03-29-2025,468,Supermarket,East Johnburgh,Non-Vegetarian,Dinner,Non-Vegetarian
105,Rice,2,03-24-2025,698,Grocery Store,Phillipsmouth,Non-Vegetarian,Breakfast,Vegan
106,Rice,31,03-19-2025,253,Catering Service,Sharonton,Vegetarian,Breakfast,Vegan
107,Salad,29,03-25-2025,464,Catering Service,Port Jacob,Vegetarian,Breakfast,Vegan
108,Fruits,22,03-25-2025,835,Catering Service,Thorntonbury,Non-Vegetarian,Snacks,Vegan
109,Fruits,7,03-24-2025,998,Grocery Store,Joshuastad,Vegan,Dinner,Vegan
110,Salad,49,03-17-2025,354,Catering Service,South Alicia,Vegan,Dinner,Vegan
111,Soup,13,03-17-2025,904,Grocery Store,West Miaside,Vegetarian,Snacks,Vegetarian
112,Chicken,32,03-25-2025,308,Catering Service,Brittanyside,Vegetarian,Lunch,Non-Vegetarian
113,Soup,14,03-16-2025,623,Supermarket,Latoyaberg,Vegetarian,Breakfast,Vegetarian
114,Vegetables,28,03-27-2025,906,Supermarket,West Kevin,Vegan,Breakfast,Vegan
115,Pasta,8,03-26-2025,963,Supermarket,East Bernard,Vegan,Lunch,Vegetarian
116,Soup,32,03-23-2025,570,Supermarket,Lake Vanessa,Vegetarian,Lunch,Vegetarian
117,Soup,32,03-21-2025,530,Catering Service,Johnstonhaven,Non-Vegetarian,Snacks,Vegetarian
118,Dairy,42,03-28-2025,863,Restaurant,Port Michael,Vegan,Lunch,Vegan
119,Bread,49,03-28-2025,135,Catering Service,East Candace,Non-Vegetarian,Breakfast,Vegetarian
120,Rice,30,03-18-2025,785,Catering Service,Lindseybury,Vegan,Lunch,Vegan
121,Vegetables,16,03-30-2025,314,Restaurant,Rodriguezfurt,Non-Vegetarian,Dinner,Vegan
122,Fruits,7,03-20-2025,846,Supermarket,South Thomasville,Vegan,Snacks,Vegan
123,Soup,11,03-25-2025,148,Grocery Store,Annahaven,Vegetarian,Lunch,Vegetarian
124,Salad,50,03-19-2025,909,Restaurant,Sheilaburgh,Vegetarian,Snacks,Vegan
125,Rice,21,03-17-2025,982,Grocery Store,Westbury,Vegan,Dinner,Vegan
126,Dairy,27,03-18-2025,54,Supermarket,Lake Rachael,Vegan,Lunch,Vegan
127,Rice,48,03-30-2025,763,Restaurant,Josephburgh,Vegan,Snacks,Vegan
128,Rice,39,03-22-2025,235,Catering Service,Gutierrezshire,Vegetarian,Snacks,Vegan
129,Chicken,26,03-21-2025,798,Grocery Store,North Amanda,Vegan,Dinner,Non-Vegetarian
130,Vegetables,47,03-29-2025,997,Catering Service,East Rossside,Vegan,Breakfast,Vegan
131,Fish,16,03-18-2025,241,Catering Service,Devinmouth,Vegan,Dinner,Non-Vegetarian
132,Soup,20,03-19-2025,840,Restaurant,Cisnerostown,Non-Vegetarian,Snacks,Vegetarian
133,Rice,28,03-19-2025,795,Catering Service,Brownberg,Vegan,Lunch,Vegan
134,Rice,1,03-16-2025,39,Supermarket,Brittanyville,Vegan,Dinner,Vegan
135,Rice,44,03-23-2025,980,Restaurant,Port Melissa,Vegan,Lunch,Vegan
136,Bread,29,03-17-2025,723,Supermarket,Jessicaland,Vegan,Dinner,Vegetarian
137,Pasta,29,03-19-2025,87,Grocery Store,West Adam,Vegetarian,Snacks,Vegetarian
138,Soup,24,03-18-2025,558,Catering Service,North Sharonberg,Non-Vegetarian,Snacks,Vegetarian
139,Rice,3,03-20-2025,446,Catering Service,Port Richardshire,Vegetarian,Dinner,Vegan
140,Chicken,18,03-16-2025,967,Grocery Store,Coleburgh,Vegan,Dinner,Non-Vegetarian
141,Dairy,33,03-29-2025,702,Supermarket,Lake Mistyton,Non-Vegetarian,Lunch,Non-Vegetarian
142,Soup,41,03-29-2025,368,Grocery Store,North Lindseychester,Vegetarian,Snacks,Vegetarian
143,Fish,18,03-24-2025,938,Restaurant,Hollyhaven,Non-Vegetarian,Lunch,Non-Vegetarian
144,Bread,18,03-18-2025,810,Catering Service,Lake Jason,Vegan,Lunch,Vegetarian
145,Rice,12,03-29-2025,751,Restaurant,East Richardside,Vegan,Lunch,Vegan
146,Chicken,17,03-25-2025,172,Grocery Store,Garciaside,Vegan,Lunch,Non-Vegetarian
147,Vegetables,47,03-30-2025,619,Grocery Store,North Katelynland,Non-Vegetarian,Breakfast,Vegan
148,Pasta,16,03-18-2025,650,Restaurant,Garzaville,Non-Vegetarian,Breakfast,Vegetarian
149,Fish,18,03-20-2025,816,Supermarket,New Jamesburgh,Vegetarian,Breakfast,Non-Vegetarian
150,Fish,50,03-28-2025,332,Restaurant,West Whitneymouth,Vegan,Snacks,Non-Vegetarian
151,Chicken,19,03-23-2025,902,Supermarket,Port Robertport,Vegetarian,Dinner,Non-Vegetarian
152,Fish,46,03-24-2025,58,Grocery Store,North Kevinhaven,Non-Vegetarian,Dinner,Non-Vegetarian
153,Fish,20,03-21-2025,737,Restaurant,Port Andrea,Vegetarian,Breakfast,Non-Vegetarian
154,Pasta,46,03-30-2025,4,Grocery Store,Mendezmouth,Vegan,Breakfast,Vegetarian
155,Fruits,20,03-20-2025,602,Grocery Store,North Destiny,Vegan,Dinner,Vegan
156,Fish,24,03-19-2025,970,Catering Service,Jeffreybury,Vegetarian,Snacks,Non-Vegetarian
157,Chicken,37,03-20-2025,600,Catering Service,Meganshire,Vegan,Breakfast,Non-Vegetarian
158,Bread,22,03-30-2025,687,Catering Service,North James,Vegetarian,Breakfast,Vegetarian
159,Pasta,7,03-27-2025,653,Catering Service,Cameronside,Vegan,Lunch,Vegetarian
160,Rice,27,03-23-2025,367,Grocery Store,Deckermouth,Vegetarian,Snacks,Vegan
161,Vegetables,32,03-20-2025,414,Supermarket,New Matthew,Non-Vegetarian,Breakfast,Vegan
162,Pasta,50,03-21-2025,826,Supermarket,Lake Karenfurt,Non-Vegetarian,Breakfast,Vegetarian
163,Bread,45,03-16-2025,251,Restaurant,East Terrancemouth,Vegetarian,Dinner,Vegetarian
164,Dairy,22,03-27-2025,432,Restaurant,Carolchester,Vegan,Dinner,Vegan
165,Bread,22,03-28-2025,90,Supermarket,Lake Kristentown,Vegetarian,Lunch,Vegetarian
166,Soup,9,03-17-2025,58,Grocery Store,North Kevinhaven,Vegan,Lunch,Vegetarian
167,Fish,4,03-20-2025,134,Supermarket,West Melissa,Vegetarian,Lunch,Non-Vegetarian
168,Salad,26,03-20-2025,306,Catering Service,North Keith,Non-Vegetarian,Lunch,Vegan
169,Fruits,18,03-20-2025,336,Supermarket,East Sandra,Vegan,Snacks,Vegan
170,Fruits,49,03-17-2025,403,Grocery Store,Jeremiahfort,Vegan,Breakfast,Vegan
171,Salad,25,03-22-2025,103,Catering Service,Port Michaelshire,Vegetarian,Snacks,Vegan
172,Rice,45,03-28-2025,826,Supermarket,Lake Karenfurt,Non-Vegetarian,Breakfast,Vegan
173,Soup,17,03-19-2025,538,Restaurant,Jasonmouth,Vegan,Dinner,Vegetarian
174,Chicken,23,03-22-2025,903,Catering Service,Lake Kari,Vegan,Breakfast,Non-Vegetarian
175,Dairy,26,03-30-2025,465,Restaurant,Johnton,Vegetarian,Breakfast,Vegetarian
176,Fish,19,03-30-2025,316,Supermarket,Williamsfort,Non-Vegetarian,Snacks,Non-Vegetarian
177,Dairy,22,03-22-2025,863,Restaurant,Port Michael,Vegan,Breakfast,Vegan
178,Dairy,47,03-21-2025,847,Supermarket,Williamsonmouth,Vegan,Breakfast,Vegan
179,Bread,11,03-27-2025,601,Catering Service,Port Troychester,Vegetarian,Breakfast,Vegetarian
180,Salad,35,03-28-2025,7,Restaurant,Lake Christopherburgh,Vegan,Dinner,Vegan
181,Rice,35,03-16-2025,47,Supermarket,East Andrewland,Non-Vegetarian,Lunch,Vegan
182,Soup,29,03-18-2025,247,Catering Service,Port Aaron,Vegan,Breakfast,Vegetarian
183,Salad,15,03-30-2025,730,Supermarket,Benjaminstad,Vegan,Snacks,Vegan
184,Salad,7,03-29-2025,182,Grocery Store,Port Jeffrey,Vegetarian,Dinner,Vegan
185,Soup,19,03-27-2025,498,Grocery Store,East Craig,Non-Vegetarian,Lunch,Vegetarian
186,Pasta,48,03-17-2025,306,Catering Service,North Keith,Vegetarian,Breakfast,Vegetarian
187,Dairy,38,03-21-2025,910,Restaurant,Leeburgh,Non-Vegetarian,Snacks,Non-Vegetarian
188,Soup,4,03-20-2025,55,Grocery Store,Danachester,Vegan,Breakfast,Vegetarian
189,Salad,7,03-20-2025,948,Supermarket,West Lisamouth,Vegetarian,Breakfast,Vegan
190,Salad,25,03-22-2025,262,Supermarket,New Carol,Non-Vegetarian,Snacks,Vegan
191,Salad,13,03-22-2025,508,Restaurant,Walkerfurt,Vegan,Lunch,Vegan
192,Vegetables,5,03-17-2025,320,Supermarket,Lake Jeffreytown,Vegan,Snacks,Vegan
193,Pasta,25,03-21-2025,354,Catering Service,South Alicia,Vegan,Breakfast,Vegetarian
194,Chicken,39,03-26-2025,31,Grocery Store,South Kellyberg,Non-Vegetarian,Lunch,Non-Vegetarian
195,Vegetables,31,03-25-2025,847,Supermarket,Williamsonmouth,Non-Vegetarian,Snacks,Vegan
196,Fish,27,03-28-2025,989,Grocery Store,North Lauren,Non-Vegetarian,Breakfast,Non-Vegetarian
197,Rice,21,03-24-2025,453,Grocery Store,East Timothy,Vegetarian,Breakfast,Vegan
198,Bread,50,03-23-2025,287,Catering Service,Jefferyside,Vegetarian,Breakfast,Vegetarian
199,Vegetables,16,03-17-2025,244,Supermarket,Toddberg,Vegan,Breakfast,Vegan
200,Bread,3,03-24-2025,794,Supermarket,Woodport,Non-Vegetarian,Dinner,Vegetarian
201,Soup,35,03-29-2025,330,Restaurant,Jamesport,Vegetarian,Dinner,Vegetarian
202,Dairy,17,03-18-2025,319,Restaurant,Lake Amymouth,Vegetarian,Lunch,Vegetarian
203,Pasta,8,03-24-2025,215,Grocery Store,New Curtis,Vegetarian,Breakfast,Vegetarian
204,Fish,11,03-26-2025,896,Grocery Store,Weberfurt,Non-Vegetarian,Lunch,Non-Vegetarian
205,Dairy,13,03-20-2025,22,Catering Service,Port Lisamouth,Vegan,Breakfast,Vegan
206,Rice,28,03-29-2025,931,Supermarket,South Allisonburgh,Non-Vegetarian,Breakfast,Vegan
207,Salad,42,03-23-2025,523,Restaurant,Lake Lorrainefort,Vegetarian,Dinner,Vegan
208,Rice,27,03-26-2025,215,Grocery Store,New Curtis,Vegetarian,Dinner,Vegan
209,Fish,31,03-26-2025,422,Catering Service,Smithfort,Non-Vegetarian,Dinner,Non-Vegetarian
210,Fruits,17,03-28-2025,990,Catering Service,Lake Latasha,Vegetarian,Breakfast,Vegan
211,Chicken,37,03-22-2025,242,Restaurant,Michaelport,Vegetarian,Snacks,Non-Vegetarian
212,Salad,33,03-20-2025,228,Supermarket,Andrewsmouth,Non-Vegetarian,Dinner,Vegan
213,Fruits,20,03-26-2025,122,Catering Service,Tyronebury,Non-Vegetarian,Snacks,Vegan
214,Soup,9,03-28-2025,24,Supermarket,Hestermouth,Vegan,Breakfast,Vegetarian
215,Bread,50,03-30-2025,315,Restaurant,Lake Andrewmouth,Vegetarian,Snacks,Vegetarian
216,Vegetables,33,03-16-2025,206,Catering Service,Port Emilyburgh,Vegetarian,Dinner,Vegan
217,Soup,42,03-23-2025,290,Supermarket,Bradleyport,Vegetarian,Lunch,Vegetarian
218,Fish,38,03-24-2025,159,Grocery Store,North Brooke,Vegan,Snacks,Non-Vegetarian
219,Fish,26,03-18-2025,323,Restaurant,Jasmineberg,Vegetarian,Snacks,Non-Vegetarian
220,Pasta,18,03-24-2025,976,Restaurant,Davisview,Vegan,Snacks,Vegetarian
221,Bread,11,03-19-2025,211,Restaurant,Lake James,Vegan,Snacks,Vegetarian
222,Vegetables,23,03-20-2025,333,Restaurant,Port Heidiland,Non-Vegetarian,Breakfast,Vegan
223,Bread,38,03-17-2025,524,Grocery Store,West Amandafurt,Vegan,Snacks,Vegetarian
224,Fruits,29,03-19-2025,556,Catering Service,Brittanyland,Non-Vegetarian,Snacks,Vegan
225,Fish,26,03-24-2025,340,Grocery Store,Murrayborough,Vegan,Dinner,Non-Vegetarian
226,Rice,26,03-22-2025,242,Restaurant,Michaelport,Non-Vegetarian,Snacks,Vegan
227,Vegetables,25,03-29-2025,923,Supermarket,Jonestown,Non-Vegetarian,Breakfast,Vegan
228,Rice,12,03-29-2025,98,Supermarket,Gardnerfort,Vegetarian,Snacks,Vegan
229,Pasta,26,03-22-2025,210,Grocery Store,Paulmouth,Non-Vegetarian,Dinner,Vegetarian
230,Fruits,17,03-16-2025,596,Restaurant,Zimmermanville,Vegetarian,Breakfast,Vegan
231,Rice,33,03-29-2025,782,Supermarket,North Mary,Non-Vegetarian,Breakfast,Vegan
232,Soup,19,03-28-2025,610,Supermarket,Allenton,Vegan,Lunch,Vegetarian
233,Fish,19,03-26-2025,26,Grocery Store,West Adammouth,Non-Vegetarian,Snacks,Non-Vegetarian
234,Rice,10,03-16-2025,888,Supermarket,West Sharonview,Vegetarian,Dinner,Vegan
235,Dairy,38,03-21-2025,170,Catering Service,North Brentbury,Vegan,Lunch,Vegan
236,Soup,50,03-21-2025,231,Supermarket,North Tom,Non-Vegetarian,Lunch,Vegetarian
237,Salad,39,03-27-2025,643,Supermarket,North Ebony,Vegan,Dinner,Vegan
238,Vegetables,2,03-27-2025,621,Supermarket,Sarahland,Vegetarian,Breakfast,Vegan
239,Pasta,26,03-17-2025,372,Restaurant,Lewisberg,Vegan,Dinner,Vegetarian
240,Fruits,46,03-26-2025,319,Restaurant,Lake Amymouth,Vegetarian,Lunch,Vegan
241,Fish,4,03-23-2025,135,Catering Service,East Candace,Vegetarian,Breakfast,Non-Vegetarian
242,Soup,17,03-21-2025,655,Restaurant,Jimmyberg,Vegan,Dinner,Vegetarian
243,Fruits,30,03-24-2025,750,Supermarket,Michaelton,Non-Vegetarian,Snacks,Vegan
244,Soup,17,03-26-2025,46,Grocery Store,South Lisaberg,Non-Vegetarian,Snacks,Vegetarian
245,Chicken,5,03-16-2025,48,Restaurant,Timothyview,Vegetarian,Dinner,Non-Vegetarian
246,Salad,50,03-28-2025,768,Restaurant,South Danielle,Non-Vegetarian,Snacks,Vegan
247,Fish,17,03-30-2025,47,Supermarket,East Andrewland,Non-Vegetarian,Lunch,Non-Vegetarian
248,Vegetables,32,03-21-2025,960,Supermarket,Port Lance,Non-Vegetarian,Lunch,Vegan
249,Salad,39,03-28-2025,596,Restaurant,Zimmermanville,Vegan,Breakfast,Vegan
250,Bread,8,03-16-2025,316,Supermarket,Williamsfort,Vegan,Snacks,Vegetarian
251,Dairy,12,03-24-2025,241,Catering Service,Devinmouth,Non-Vegetarian,Lunch,Non-Vegetarian
252,Chicken,18,03-19-2025,113,Catering Service,East Elizabethberg,Non-Vegetarian,Snacks,Non-Vegetarian
253,Rice,20,03-19-2025,231,Supermarket,North Tom,Vegan,Snacks,Vegan
254,Rice,30,03-24-2025,703,Catering Service,Lake Jamestown,Non-Vegetarian,Lunch,Vegan
255,Dairy,44,03-24-2025,825,Supermarket,South Bryan,Non-Vegetarian,Lunch,Non-Vegetarian
256,Rice,33,03-28-2025,384,Grocery Store,Jamesfurt,Non-Vegetarian,Dinner,Vegan
257,Chicken,41,03-25-2025,344,Catering Service,North Nicholas,Vegan,Snacks,Non-Vegetarian
258,Fish,24,03-21-2025,101,Restaurant,East Angelafort,Vegetarian,Breakfast,Non-Vegetarian
259,Rice,44,03-27-2025,815,Grocery Store,Ashleyhaven,Non-Vegetarian,Snacks,Vegan
260,Fruits,50,03-29-2025,723,Supermarket,Jessicaland,Vegetarian,Dinner,Vegan
261,Pasta,15,03-21-2025,112,Restaurant,East Courtneymouth,Non-Vegetarian,Lunch,Vegetarian
262,Dairy,47,03-30-2025,693,Restaurant,Raybury,Vegetarian,Breakfast,Vegetarian
263,Salad,21,03-30-2025,408,Supermarket,Riceshire,Vegetarian,Breakfast,Vegan
264,Bread,49,03-24-2025,484,Restaurant,North Douglasfurt,Vegetarian,Dinner,Vegetarian
265,Fruits,32,03-26-2025,862,Grocery Store,East Tammy,Non-Vegetarian,Breakfast,Vegan
266,Soup,30,03-23-2025,589,Restaurant,Morganhaven,Vegetarian,Lunch,Vegetarian
267,Soup,6,03-30-2025,107,Restaurant,West Lauraborough,Non-Vegetarian,Dinner,Vegetarian
268,Fish,21,03-29-2025,485,Restaurant,East Andrea,Non-Vegetarian,Breakfast,Non-Vegetarian
269,Soup,36,03-28-2025,595,Grocery Store,Port Matthew,Non-Vegetarian,Snacks,Vegetarian
270,Pasta,29,03-29-2025,201,Catering Service,Sandrastad,Vegan,Lunch,Vegetarian
271,Rice,22,03-17-2025,254,Restaurant,Reidland,Vegan,Breakfast,Vegan
272,Vegetables,30,03-25-2025,151,Restaurant,Anthonyshire,Vegan,Dinner,Vegan
273,Salad,32,03-16-2025,446,Catering Service,Port Richardshire,Non-Vegetarian,Lunch,Vegan
274,Salad,37,03-29-2025,768,Restaurant,South Danielle,Vegan,Snacks,Vegan
275,Fish,35,03-24-2025,657,Supermarket,Davidland,Non-Vegetarian,Breakfast,Non-Vegetarian
276,Fruits,47,03-29-2025,839,Grocery Store,Port Erin,Vegan,Breakfast,Vegan
277,Pasta,30,03-22-2025,244,Supermarket,Toddberg,Non-Vegetarian,Lunch,Vegetarian
278,Soup,35,03-24-2025,66,Restaurant,Lake Michaelfurt,Non-Vegetarian,Lunch,Vegetarian
279,Chicken,3,03-25-2025,326,Supermarket,Lake Alicia,Non-Vegetarian,Lunch,Non-Vegetarian
280,Pasta,44,03-27-2025,393,Restaurant,Heatherview,Vegan,Dinner,Vegetarian
281,Rice,28,03-23-2025,356,Supermarket,West Michael,Non-Vegetarian,Breakfast,Vegan
282,Fruits,27,03-25-2025,640,Grocery Store,West Tinamouth,Non-Vegetarian,Lunch,Vegan
283,Dairy,7,03-30-2025,312,Restaurant,North Ianbury,Non-Vegetarian,Breakfast,Non-Vegetarian
284,Vegetables,36,03-27-2025,161,Supermarket,Perezport,Vegetarian,Breakfast,Vegan
285,Rice,44,03-19-2025,353,Grocery Store,North Aaron,Vegetarian,Breakfast,Vegan
286,Pasta,37,03-26-2025,43,Supermarket,South Karen,Vegetarian,Snacks,Vegetarian
287,Salad,20,03-17-2025,882,Supermarket,Jenniferville,Vegan,Breakfast,Vegan
288,Bread,48,03-22-2025,703,Catering Service,Lake Jamestown,Vegetarian,Breakfast,Vegetarian
289,Vegetables,31,03-17-2025,237,Supermarket,Frederickside,Non-Vegetarian,Breakfast,Vegan
290,Dairy,19,03-19-2025,315,Restaurant,Lake Andrewmouth,Non-Vegetarian,Lunch,Non-Vegetarian
291,Salad,12,03-19-2025,785,Catering Service,Lindseybury,Vegetarian,Breakfast,Vegan
292,Chicken,16,03-17-2025,906,Supermarket,West Kevin,Non-Vegetarian,Breakfast,Non-Vegetarian
293,Rice,32,03-27-2025,276,Supermarket,Port Eric,Non-Vegetarian,Dinner,Vegan
294,Bread,40,03-19-2025,113,Catering Service,East Elizabethberg,Vegan,Dinner,Vegetarian
295,Soup,39,03-17-2025,344,Catering Service,North Nicholas,Non-Vegetarian,Dinner,Vegetarian
296,Dairy,24,03-19-2025,655,Restaurant,Jimmyberg,Vegan,Lunch,Vegan
297,Pasta,46,03-19-2025,409,Grocery Store,East Roberthaven,Non-Vegetarian,Breakfast,Vegetarian
298,Chicken,2,03-22-2025,883,Supermarket,New Jacob,Vegetarian,Lunch,Non-Vegetarian
299,Dairy,14,03-21-2025,718,Restaurant,Port Victoria,Non-Vegetarian,Lunch,Non-Vegetarian
300,Pasta,16,03-17-2025,459,Supermarket,Castilloport,Non-Vegetarian,Snacks,Vegetarian
301,Rice,35,03-24-2025,886,Restaurant,New Tiffanystad,Vegan,Breakfast,Vegan
302,Bread,31,03-23-2025,760,Supermarket,Yatesside,Vegan,Snacks,Vegetarian
303,Fish,2,03-18-2025,945,Grocery Store,Tamaraside,Vegan,Dinner,Non-Vegetarian
304,Fish,5,03-19-2025,639,Supermarket,Richardsonhaven,Vegetarian,Dinner,Non-Vegetarian
305,Soup,14,03-30-2025,38,Supermarket,Perkinsbury,Non-Vegetarian,Breakfast,Vegetarian
306,Salad,27,03-22-2025,284,Supermarket,North Julieburgh,Non-Vegetarian,Snacks,Vegan
307,Chicken,20,03-20-2025,384,Grocery Store,Jamesfurt,Non-Vegetarian,Breakfast,Non-Vegetarian
308,Soup,11,03-29-2025,973,Supermarket,New Larry,Vegan,Snacks,Vegetarian
309,Chicken,47,03-27-2025,1000,Restaurant,Brendantown,Vegan,Snacks,Non-Vegetarian
310,Rice,13,03-20-2025,528,Supermarket,Markport,Vegan,Dinner,Vegan
311,Fish,3,03-18-2025,740,Catering Service,Port Marissachester,Vegan,Dinner,Non-Vegetarian
312,Fruits,11,03-26-2025,238,Grocery Store,North Julieburgh,Non-Vegetarian,Breakfast,Vegan
313,Fruits,3,03-26-2025,551,Restaurant,East Sandratown,Vegetarian,Snacks,Vegan
314,Fish,27,03-23-2025,387,Grocery Store,West Juliabury,Vegetarian,Lunch,Non-Vegetarian
315,Salad,47,03-18-2025,761,Catering Service,New Zachary,Vegetarian,Dinner,Vegan
316,Salad,4,03-28-2025,494,Supermarket,New Denise,Vegetarian,Dinner,Vegan
317,Dairy,22,03-21-2025,866,Grocery Store,New Robertstad,Non-Vegetarian,Dinner,Non-Vegetarian
318,Pasta,48,03-25-2025,946,Catering Service,Roystad,Vegan,Lunch,Vegetarian
319,Chicken,47,03-30-2025,63,Supermarket,Mcclainfurt,Vegetarian,Snacks,Non-Vegetarian
320,Vegetables,26,03-20-2025,484,Restaurant,North Douglasfurt,Vegetarian,Lunch,Vegan
321,Pasta,20,03-18-2025,572,Supermarket,Lake Cathy,Non-Vegetarian,Lunch,Vegetarian
322,Chicken,12,03-26-2025,575,Catering Service,Johnport,Non-Vegetarian,Dinner,Non-Vegetarian
323,Dairy,31,03-27-2025,4,Grocery Store,Mendezmouth,Vegan,Snacks,Vegan
324,Soup,39,03-24-2025,346,Grocery Store,Thomasville,Vegetarian,Snacks,Vegetarian
325,Chicken,32,03-25-2025,365,Restaurant,West Robert,Vegan,Dinner,Non-Vegetarian
326,Soup,25,03-29-2025,407,Restaurant,North Charlesside,Vegan,Dinner,Vegetarian
327,Dairy,24,03-22-2025,834,Supermarket,Harrishaven,Vegetarian,Breakfast,Vegetarian
328,Chicken,36,03-19-2025,876,Grocery Store,Brookeland,Vegetarian,Snacks,Non-Vegetarian
329,Rice,42,03-17-2025,716,Catering Service,North Ryan,Vegetarian,Dinner,Vegan
330,Rice,49,03-19-2025,407,Restaurant,North Charlesside,Vegan,Snacks,Vegan
331,Fish,8,03-22-2025,480,Catering Service,East Kevin,Vegan,Breakfast,Non-Vegetarian
332,Rice,12,03-21-2025,616,Restaurant,Clarkberg,Vegetarian,Dinner,Vegan
333,Salad,41,03-20-2025,139,Supermarket,Port Connie,Non-Vegetarian,Breakfast,Vegan
334,Bread,17,03-19-2025,126,Supermarket,New Rodneyville,Non-Vegetarian,Snacks,Vegetarian
335,Rice,38,03-20-2025,664,Catering Service,Jeffreyshire,Non-Vegetarian,Snacks,Vegan
336,Dairy,36,03-23-2025,101,Restaurant,East Angelafort,Non-Vegetarian,Snacks,Non-Vegetarian
337,Vegetables,5,03-24-2025,301,Supermarket,East Laurashire,Vegan,Snacks,Vegan
338,Chicken,7,03-19-2025,735,Restaurant,Westmouth,Non-Vegetarian,Lunch,Non-Vegetarian
339,Pasta,40,03-29-2025,512,Grocery Store,Port Timothystad,Non-Vegetarian,Dinner,Vegetarian
340,Fruits,3,03-24-2025,634,Supermarket,Colemanton,Vegetarian,Dinner,Vegan
341,Vegetables,48,03-30-2025,908,Supermarket,East Phillipton,Non-Vegetarian,Dinner,Vegan
342,Vegetables,5,03-27-2025,766,Catering Service,Jonathanmouth,Vegetarian,Lunch,Vegan
343,Bread,40,03-27-2025,563,Grocery Store,East Angela,Vegan,Snacks,Vegetarian
344,Vegetables,44,03-23-2025,678,Grocery Store,Lake Travis,Vegan,Snacks,Vegan
345,Pasta,14,03-20-2025,346,Grocery Store,Thomasville,Vegan,Lunch,Vegetarian
346,Chicken,16,03-28-2025,2,Grocery Store,East Sheena,Vegan,Snacks,Non-Vegetarian
347,Chicken,45,03-24-2025,567,Catering Service,Jonathanstad,Vegetarian,Breakfast,Non-Vegetarian
348,Fish,21,03-27-2025,107,Restaurant,West Lauraborough,Vegetarian,Lunch,Non-Vegetarian
349,Vegetables,33,03-18-2025,766,Catering Service,Jonathanmouth,Vegetarian,Breakfast,Vegan
350,Pasta,8,03-21-2025,828,Catering Service,Torresshire,Non-Vegetarian,Breakfast,Vegetarian
351,Bread,45,03-25-2025,678,Grocery Store,Lake Travis,Non-Vegetarian,Snacks,Vegetarian
352,Vegetables,31,03-28-2025,692,Supermarket,South Andrewport,Vegetarian,Dinner,Vegan
353,Fruits,5,03-29-2025,418,Restaurant,Deborahfurt,Non-Vegetarian,Lunch,Vegan
354,Pasta,3,03-24-2025,380,Restaurant,Lake Christophermouth,Vegan,Lunch,Vegetarian
355,Pasta,10,03-22-2025,662,Supermarket,Port Lesliebury,Vegetarian,Dinner,Vegetarian
356,Fish,27,03-20-2025,71,Restaurant,Ruizmouth,Vegan,Lunch,Non-Vegetarian
357,Chicken,1,03-23-2025,939,Catering Service,New Monicaside,Vegan,Dinner,Non-Vegetarian
358,Fruits,41,03-21-2025,810,Catering Service,Lake Jason,Vegetarian,Breakfast,Vegan
359,Bread,6,03-23-2025,811,Grocery Store,East Emily,Non-Vegetarian,Lunch,Vegetarian
360,Chicken,12,03-18-2025,22,Catering Service,Port Lisamouth,Vegan,Dinner,Non-Vegetarian
361,Dairy,17,03-16-2025,391,Supermarket,South Jerryside,Vegetarian,Breakfast,Vegetarian
362,Chicken,29,03-27-2025,785,Catering Service,Lindseybury,Vegan,Snacks,Non-Vegetarian
363,Bread,24,03-23-2025,770,Supermarket,East Melissa,Non-Vegetarian,Breakfast,Vegetarian
364,Fish,33,03-22-2025,540,Catering Service,Henrychester,Non-Vegetarian,Snacks,Non-Vegetarian
365,Fruits,48,03-27-2025,71,Restaurant,Ruizmouth,Non-Vegetarian,Dinner,Vegan
366,Chicken,25,03-24-2025,331,Catering Service,South Jeffreyburgh,Non-Vegetarian,Lunch,Non-Vegetarian
367,Vegetables,38,03-29-2025,610,Supermarket,Allenton,Non-Vegetarian,Snacks,Vegan
368,Salad,1,03-16-2025,826,Supermarket,Lake Karenfurt,Non-Vegetarian,Lunch,Vegan
369,Fruits,23,03-16-2025,523,Restaurant,Lake Lorrainefort,Vegan,Breakfast,Vegan
370,Fruits,35,03-16-2025,783,Restaurant,Port Melanie,Vegan,Lunch,Vegan
371,Bread,34,03-21-2025,154,Supermarket,New John,Non-Vegetarian,Lunch,Vegetarian
372,Pasta,11,03-25-2025,138,Grocery Store,North Sherrimouth,Vegan,Snacks,Vegetarian
373,Rice,39,03-21-2025,252,Grocery Store,Phillipsfort,Non-Vegetarian,Lunch,Vegan
374,Chicken,44,03-21-2025,709,Restaurant,South Kathryn,Vegan,Lunch,Non-Vegetarian
375,Vegetables,15,03-28-2025,569,Grocery Store,South Russelltown,Vegan,Dinner,Vegan
376,Vegetables,47,03-25-2025,41,Catering Service,Bentleyburgh,Vegan,Lunch,Vegan
377,Pasta,22,03-25-2025,737,Restaurant,Port Andrea,Non-Vegetarian,Breakfast,Vegetarian
378,Soup,39,03-19-2025,834,Supermarket,Harrishaven,Vegetarian,Lunch,Vegetarian
379,Rice,14,03-18-2025,312,Restaurant,North Ianbury,Vegetarian,Lunch,Vegan
380,Soup,26,03-22-2025,985,Restaurant,Harrisonbury,Non-Vegetarian,Snacks,Vegetarian
381,Pasta,35,03-18-2025,86,Catering Service,New Michelle,Vegan,Dinner,Vegetarian
382,Salad,42,03-20-2025,208,Restaurant,East Garyton,Non-Vegetarian,Dinner,Vegan
383,Vegetables,48,03-19-2025,783,Restaurant,Port Melanie,Vegan,Lunch,Vegan
384,Fish,14,03-26-2025,614,Supermarket,Robertshire,Vegan,Snacks,Non-Vegetarian
385,Pasta,7,03-25-2025,885,Restaurant,Lake Stephen,Non-Vegetarian,Dinner,Vegetarian
386,Salad,30,03-22-2025,697,Restaurant,Padillatown,Vegetarian,Snacks,Vegan
387,Rice,31,03-24-2025,958,Restaurant,Lake Vanessaland,Vegan,Dinner,Vegan
388,Soup,41,03-25-2025,858,Restaurant,Johnsonborough,Vegetarian,Dinner,Vegetarian
389,Vegetables,30,03-18-2025,707,Supermarket,Laurietown,Non-Vegetarian,Snacks,Vegan
390,Soup,19,03-27-2025,264,Catering Service,New Richard,Non-Vegetarian,Lunch,Vegetarian
391,Bread,40,03-25-2025,321,Restaurant,North Edwinchester,Vegan,Lunch,Vegetarian
392,Soup,34,03-19-2025,599,Restaurant,Carlborough,Vegan,Dinner,Vegetarian
393,Bread,50,03-28-2025,404,Restaurant,Brownchester,Vegan,Breakfast,Vegetarian
394,Fruits,30,03-21-2025,485,Restaurant,East Andrea,Vegetarian,Dinner,Vegan
395,Vegetables,36,03-28-2025,717,Catering Service,Pamelaberg,Vegan,Lunch,Vegan
396,Dairy,5,03-17-2025,726,Supermarket,Shortfurt,Non-Vegetarian,Dinner,Non-Vegetarian
397,Salad,14,03-21-2025,987,Supermarket,South Kevinhaven,Non-Vegetarian,Breakfast,Vegan
398,Dairy,27,03-20-2025,802,Catering Service,North Katherineshire,Non-Vegetarian,Snacks,Non-Vegetarian
399,Chicken,16,03-29-2025,593,Grocery Store,Tammyside,Vegetarian,Lunch,Non-Vegetarian
400,Rice,42,03-29-2025,897,Catering Service,Villastad,Vegan,Lunch,Vegan
401,Soup,42,03-18-2025,582,Grocery Store,West Dannyland,Vegetarian,Lunch,Vegetarian
402,Fish,11,03-29-2025,429,Grocery Store,Lake Benjamin,Non-Vegetarian,Lunch,Non-Vegetarian
403,Bread,25,03-28-2025,133,Catering Service,South Michaelberg,Non-Vegetarian,Breakfast,Vegetarian
404,Salad,10,03-18-2025,691,Restaurant,Youngchester,Vegetarian,Snacks,Vegan
405,Bread,16,03-20-2025,241,Catering Service,Devinmouth,Vegetarian,Lunch,Vegetarian
406,Salad,28,03-22-2025,222,Catering Service,Stephanieberg,Vegetarian,Snacks,Vegan
407,Chicken,32,03-20-2025,912,Catering Service,Blaketown,Vegetarian,Lunch,Non-Vegetarian
408,Soup,42,03-24-2025,391,Supermarket,South Jerryside,Non-Vegetarian,Breakfast,Vegetarian
409,Chicken,46,03-24-2025,898,Restaurant,Medinatown,Vegetarian,Dinner,Non-Vegetarian
410,Salad,21,03-19-2025,273,Supermarket,New Carol,Non-Vegetarian,Snacks,Vegan
411,Soup,39,03-30-2025,419,Supermarket,Port Peter,Non-Vegetarian,Breakfast,Vegetarian
412,Chicken,10,03-28-2025,999,Grocery Store,Stevenchester,Non-Vegetarian,Snacks,Non-Vegetarian
413,Salad,31,03-24-2025,315,Restaurant,Lake Andrewmouth,Vegetarian,Lunch,Vegan
414,Vegetables,7,03-21-2025,353,Grocery Store,North Aaron,Non-Vegetarian,Snacks,Vegan
415,Vegetables,18,03-23-2025,537,Restaurant,Callahanside,Vegan,Breakfast,Vegan
416,Soup,49,03-26-2025,888,Supermarket,West Sharonview,Vegan,Dinner,Vegetarian
417,Soup,49,03-19-2025,196,Restaurant,Bartonborough,Vegan,Snacks,Vegetarian
418,Vegetables,19,03-30-2025,685,Supermarket,Maysside,Non-Vegetarian,Lunch,Vegan
419,Rice,26,03-19-2025,585,Grocery Store,Port Donnaton,Vegetarian,Breakfast,Vegan
420,Soup,13,03-26-2025,386,Grocery Store,Wheelermouth,Vegan,Breakfast,Vegetarian
421,Dairy,24,03-17-2025,676,Catering Service,Lake Jasmin,Vegetarian,Dinner,Vegetarian
422,Soup,2,03-20-2025,550,Catering Service,Timothychester,Non-Vegetarian,Breakfast,Vegetarian
423,Fish,6,03-30-2025,926,Grocery Store,North Chase,Vegan,Breakfast,Non-Vegetarian
424,Pasta,41,03-27-2025,910,Restaurant,Leeburgh,Non-Vegetarian,Lunch,Vegetarian
425,Chicken,19,03-24-2025,4,Grocery Store,Mendezmouth,Non-Vegetarian,Breakfast,Non-Vegetarian
426,Bread,6,03-22-2025,461,Restaurant,New Hannah,Vegetarian,Dinner,Vegetarian
427,Soup,34,03-18-2025,338,Catering Service,Adambury,Non-Vegetarian,Lunch,Vegetarian
428,Dairy,35,03-16-2025,242,Restaurant,Michaelport,Vegetarian,Snacks,Vegetarian
429,Pasta,34,03-17-2025,178,Catering Service,Scottchester,Non-Vegetarian,Lunch,Vegetarian
430,Dairy,33,03-28-2025,853,Catering Service,East Michelle,Vegan,Snacks,Vegan
431,Pasta,21,03-20-2025,144,Catering Service,Bellport,Non-Vegetarian,Lunch,Vegetarian
432,Dairy,34,03-17-2025,979,Restaurant,West Hunter,Non-Vegetarian,Breakfast,Non-Vegetarian
433,Dairy,50,03-18-2025,892,Grocery Store,Russellfurt,Vegetarian,Lunch,Vegetarian
434,Vegetables,20,03-23-2025,460,Grocery Store,Lake Justin,Non-Vegetarian,Snacks,Vegan
435,Chicken,26,03-30-2025,373,Grocery Store,Aprilberg,Non-Vegetarian,Lunch,Non-Vegetarian
436,Pasta,6,03-26-2025,126,Supermarket,New Rodneyville,Vegan,Snacks,Vegetarian
437,Chicken,29,03-16-2025,345,Catering Service,North Tracy,Non-Vegetarian,Dinner,Non-Vegetarian
438,Dairy,46,03-20-2025,84,Restaurant,Marthaside,Vegetarian,Breakfast,Vegetarian
439,Fruits,41,03-16-2025,986,Supermarket,Port David,Vegan,Dinner,Vegan
440,Pasta,34,03-21-2025,499,Catering Service,Jonathanstad,Vegan,Lunch,Vegetarian
441,Fruits,2,03-18-2025,919,Supermarket,Port Tanyaburgh,Vegetarian,Lunch,Vegan
442,Fish,20,03-18-2025,905,Restaurant,North Kennethshire,Non-Vegetarian,Lunch,Non-Vegetarian
443,Chicken,34,03-22-2025,671,Grocery Store,North Catherine,Non-Vegetarian,Lunch,Non-Vegetarian
444,Dairy,27,03-27-2025,117,Restaurant,Amberton,Non-Vegetarian,Lunch,Non-Vegetarian
445,Pasta,13,03-18-2025,995,Supermarket,Manningshire,Vegan,Lunch,Vegetarian
446,Bread,9,03-24-2025,39,Supermarket,Brittanyville,Non-Vegetarian,Snacks,Vegetarian
447,Soup,21,03-26-2025,736,Supermarket,East Anthony,Vegetarian,Lunch,Vegetarian
448,Vegetables,25,03-23-2025,221,Supermarket,Walterborough,Vegan,Snacks,Vegan
449,Dairy,21,03-17-2025,655,Restaurant,Jimmyberg,Vegetarian,Dinner,Vegetarian
450,Bread,9,03-23-2025,368,Grocery Store,North Lindseychester,Non-Vegetarian,Dinner,Vegetarian
451,Fish,14,03-18-2025,713,Grocery Store,Smithmouth,Vegan,Breakfast,Non-Vegetarian
452,Vegetables,47,03-23-2025,871,Supermarket,Madelinechester,Vegan,Dinner,Vegan
453,Fish,21,03-21-2025,664,Catering Service,Jeffreyshire,Vegetarian,Lunch,Non-Vegetarian
454,Pasta,4,03-22-2025,189,Supermarket,Brianside,Vegetarian,Lunch,Vegetarian
455,Pasta,17,03-27-2025,630,Catering Service,West Matthew,Vegan,Dinner,Vegetarian
456,Vegetables,16,03-19-2025,144,Catering Service,Bellport,Vegetarian,Snacks,Vegan
457,Soup,30,03-25-2025,347,Supermarket,Louismouth,Non-Vegetarian,Lunch,Vegetarian
458,Dairy,16,03-23-2025,210,Grocery Store,Paulmouth,Vegan,Lunch,Vegan
459,Rice,2,03-22-2025,213,Grocery Store,Andersonville,Vegetarian,Snacks,Vegan
460,Dairy,45,03-17-2025,202,Supermarket,Vazquezshire,Vegetarian,Dinner,Vegetarian
461,Pasta,10,03-19-2025,511,Grocery Store,Port Davidshire,Vegetarian,Dinner,Vegetarian
462,Soup,22,03-23-2025,85,Catering Service,Christopherstad,Vegan,Dinner,Vegetarian
463,Soup,36,03-17-2025,384,Grocery Store,Jamesfurt,Vegan,Lunch,Vegetarian
464,Fish,27,03-20-2025,201,Catering Service,Sandrastad,Vegetarian,Lunch,Non-Vegetarian
465,Rice,32,03-19-2025,532,Grocery Store,Darrylchester,Vegetarian,Snacks,Vegan
466,Rice,6,03-30-2025,729,Grocery Store,Lake Nathan,Vegetarian,Dinner,Vegan
467,Dairy,7,03-28-2025,337,Restaurant,New Ricky,Non-Vegetarian,Dinner,Non-Vegetarian
468,Fruits,1,03-27-2025,258,Restaurant,Lake Anthonyport,Vegetarian,Breakfast,Vegan
469,Vegetables,7,03-30-2025,388,Supermarket,Manuelhaven,Vegetarian,Snacks,Vegan
470,Salad,38,03-17-2025,435,Restaurant,Port Leahfurt,Vegan,Dinner,Vegan
471,Pasta,15,03-30-2025,637,Grocery Store,East Williamshire,Vegetarian,Lunch,Vegetarian
472,Salad,21,03-20-2025,340,Grocery Store,Murrayborough,Non-Vegetarian,Snacks,Vegan
473,Chicken,19,03-30-2025,528,Supermarket,Markport,Vegetarian,Breakfast,Non-Vegetarian
474,Rice,5,03-22-2025,215,Grocery Store,New Curtis,Vegetarian,Dinner,Vegan
475,Pasta,13,03-26-2025,357,Supermarket,Donnaborough,Vegetarian,Dinner,Vegetarian
476,Fruits,2,03-28-2025,993,Restaurant,East Stephanie,Non-Vegetarian,Dinner,Vegan
477,Dairy,40,03-18-2025,262,Supermarket,New Carol,Vegan,Breakfast,Vegan
478,Soup,43,03-17-2025,928,Catering Service,Zimmermanton,Vegetarian,Lunch,Vegetarian
479,Salad,2,03-18-2025,786,Restaurant,Basstown,Vegetarian,Breakfast,Vegan
480,Pasta,25,03-24-2025,517,Grocery Store,Wadeville,Non-Vegetarian,Lunch,Vegetarian
481,Dairy,16,03-19-2025,705,Grocery Store,East Robert,Vegan,Dinner,Vegan
482,Salad,32,03-27-2025,912,Catering Service,Blaketown,Non-Vegetarian,Dinner,Vegan
483,Vegetables,36,03-29-2025,933,Catering Service,Anthonyborough,Vegetarian,Snacks,Vegan
484,Bread,15,03-22-2025,133,Catering Service,South Michaelberg,Vegan,Snacks,Vegetarian
485,Salad,50,03-18-2025,185,Restaurant,Shirleyland,Vegan,Lunch,Vegan
486,Chicken,9,03-25-2025,550,Catering Service,Timothychester,Vegan,Snacks,Non-Vegetarian
487,Fruits,43,03-18-2025,499,Catering Service,Jonathanstad,Vegetarian,Dinner,Vegan
488,Fish,22,03-19-2025,527,Supermarket,Bonillahaven,Vegetarian,Breakfast,Non-Vegetarian
489,Fish,39,03-25-2025,705,Grocery Store,East Robert,Vegetarian,Dinner,Non-Vegetarian
490,Salad,3,03-24-2025,563,Grocery Store,East Angela,Non-Vegetarian,Snacks,Vegan
491,Fruits,23,03-25-2025,139,Supermarket,Port Connie,Vegan,Lunch,Vegan
492,Pasta,30,03-28-2025,295,Restaurant,Meghanfurt,Vegetarian,Breakfast,Vegetarian
493,Fish,26,03-30-2025,102,Grocery Store,West Samantha,Vegetarian,Snacks,Non-Vegetarian
494,Bread,41,03-24-2025,129,Restaurant,Port Emily,Vegetarian,Breakfast,Vegetarian
495,Pasta,34,03-22-2025,494,Supermarket,New Denise,Vegetarian,Dinner,Vegetarian
496,Chicken,22,03-28-2025,552,Catering Service,Pearsonchester,Vegetarian,Dinner,Non-Vegetarian
497,Dairy,48,03-27-2025,709,Restaurant,South Kathryn,Vegetarian,Dinner,Vegetarian
498,Rice,28,03-16-2025,507,Grocery Store,Lake Diane,Non-Vegetarian,Snacks,Vegan
499,Salad,6,03-23-2025,154,Supermarket,New John,Non-Vegetarian,Snacks,Vegan
500,Pasta,14,03-30-2025,230,Grocery Store,North Melanie,Vegan,Dinner,Vegetarian
501,Chicken,27,03-24-2025,11,Supermarket,South Robert,Vegetarian,Lunch,Non-Vegetarian
502,Dairy,40,03-19-2025,123,Grocery Store,East Meganfort,Vegan,Lunch,Vegan
503,Rice,40,03-29-2025,861,Grocery Store,Lake Kendramouth,Non-Vegetarian,Snacks,Vegan
504,Rice,28,03-30-2025,227,Grocery Store,Derekport,Vegetarian,Lunch,Vegan
505,Pasta,12,03-22-2025,494,Supermarket,New Denise,Vegetarian,Snacks,Vegetarian
506,Fruits,37,03-29-2025,793,Grocery Store,West Brandon,Non-Vegetarian,Snacks,Vegan
507,Chicken,43,03-26-2025,968,Restaurant,Christopherton,Vegetarian,Lunch,Non-Vegetarian
508,Dairy,42,03-18-2025,176,Restaurant,East John,Vegan,Lunch,Vegan
509,Dairy,18,03-17-2025,980,Restaurant,Port Melissa,Non-Vegetarian,Snacks,Non-Vegetarian
510,Salad,33,03-28-2025,697,Restaurant,Padillatown,Non-Vegetarian,Dinner,Vegan
511,Salad,25,03-27-2025,879,Supermarket,Lake Michael,Vegan,Snacks,Vegan
512,Chicken,20,03-27-2025,911,Restaurant,Garciatown,Vegetarian,Lunch,Non-Vegetarian
513,Fruits,49,03-18-2025,255,Supermarket,Crystalborough,Vegetarian,Snacks,Vegan
514,Salad,20,03-24-2025,880,Catering Service,Sheenashire,Vegetarian,Snacks,Vegan
515,Dairy,10,03-27-2025,725,Grocery Store,New Evanport,Vegan,Lunch,Vegan
516,Fish,24,03-23-2025,846,Supermarket,South Thomasville,Non-Vegetarian,Breakfast,Non-Vegetarian
517,Dairy,4,03-26-2025,45,Catering Service,East Deniseborough,Vegan,Dinner,Vegan
518,Fruits,46,03-22-2025,210,Grocery Store,Paulmouth,Vegan,Lunch,Vegan
519,Pasta,43,03-26-2025,7,Restaurant,Lake Christopherburgh,Non-Vegetarian,Lunch,Vegetarian
520,Fish,23,03-25-2025,559,Catering Service,New Baileyfort,Non-Vegetarian,Breakfast,Non-Vegetarian
521,Vegetables,23,03-17-2025,792,Catering Service,Mortonfort,Vegan,Snacks,Vegan
522,Rice,7,03-22-2025,783,Restaurant,Port Melanie,Vegetarian,Lunch,Vegan
523,Salad,29,03-22-2025,351,Grocery Store,South Stefanietown,Non-Vegetarian,Lunch,Vegan
524,Soup,25,03-18-2025,387,Grocery Store,West Juliabury,Vegan,Snacks,Vegetarian
525,Soup,30,03-16-2025,717,Catering Service,Pamelaberg,Vegetarian,Lunch,Vegetarian
526,Rice,11,03-30-2025,883,Supermarket,New Jacob,Vegetarian,Lunch,Vegan
527,Dairy,3,03-23-2025,674,Restaurant,Anthonyhaven,Non-Vegetarian,Snacks,Non-Vegetarian
528,Chicken,6,03-27-2025,677,Grocery Store,Williamsmouth,Vegan,Snacks,Non-Vegetarian
529,Dairy,48,03-17-2025,901,Supermarket,West Melissastad,Non-Vegetarian,Dinner,Non-Vegetarian
530,Soup,32,03-27-2025,583,Catering Service,Marcstad,Vegetarian,Breakfast,Vegetarian
531,Salad,42,03-17-2025,57,Grocery Store,Port Robin,Vegan,Lunch,Vegan
532,Bread,50,03-20-2025,550,Catering Service,Timothychester,Non-Vegetarian,Breakfast,Vegetarian
533,Fruits,25,03-17-2025,273,Supermarket,New Carol,Vegetarian,Breakfast,Vegan
534,Vegetables,34,03-30-2025,223,Restaurant,Longland,Non-Vegetarian,Dinner,Vegan
535,Fish,24,03-29-2025,668,Grocery Store,Salinasville,Vegan,Snacks,Non-Vegetarian
536,Rice,13,03-19-2025,683,Grocery Store,Christinetown,Vegan,Dinner,Vegan
537,Salad,9,03-17-2025,949,Supermarket,Lake Deborah,Vegetarian,Breakfast,Vegan
538,Dairy,18,03-29-2025,840,Restaurant,Cisnerostown,Vegetarian,Lunch,Vegetarian
539,Vegetables,14,03-22-2025,161,Supermarket,Perezport,Vegetarian,Breakfast,Vegan
540,Soup,33,03-22-2025,31,Grocery Store,South Kellyberg,Non-Vegetarian,Snacks,Vegetarian
541,Vegetables,12,03-29-2025,549,Catering Service,East Deborah,Vegan,Dinner,Vegan
542,Bread,7,03-26-2025,926,Grocery Store,North Chase,Vegetarian,Lunch,Vegetarian
543,Fruits,9,03-26-2025,526,Supermarket,South Tylerstad,Vegan,Dinner,Vegan
544,Soup,36,03-30-2025,551,Restaurant,East Sandratown,Non-Vegetarian,Dinner,Vegetarian
545,Pasta,23,03-29-2025,984,Catering Service,South Edwardtown,Vegetarian,Snacks,Vegetarian
546,Pasta,33,03-24-2025,116,Grocery Store,Moseshaven,Vegan,Snacks,Vegetarian
547,Chicken,26,03-23-2025,825,Supermarket,South Bryan,Vegan,Snacks,Non-Vegetarian
548,Fish,26,03-19-2025,714,Catering Service,North William,Vegan,Snacks,Non-Vegetarian
549,Rice,34,03-23-2025,631,Supermarket,North Kevinhaven,Non-Vegetarian,Breakfast,Vegan
550,Rice,16,03-29-2025,836,Catering Service,New Ninashire,Vegan,Dinner,Vegan
551,Chicken,4,03-26-2025,245,Restaurant,Lake Heather,Vegan,Lunch,Non-Vegetarian
552,Dairy,44,03-21-2025,98,Supermarket,Gardnerfort,Vegetarian,Dinner,Vegetarian
553,Salad,36,03-24-2025,93,Supermarket,New Daniel,Vegan,Breakfast,Vegan
554,Soup,31,03-20-2025,754,Restaurant,North Sharonburgh,Non-Vegetarian,Breakfast,Vegetarian
555,Dairy,47,03-20-2025,371,Grocery Store,Solisburgh,Vegan,Breakfast,Vegan
556,Fish,48,03-21-2025,938,Restaurant,Hollyhaven,Vegan,Lunch,Non-Vegetarian
557,Vegetables,20,03-30-2025,169,Grocery Store,Lindseyland,Non-Vegetarian,Dinner,Vegan
558,Chicken,32,03-20-2025,267,Catering Service,Port Kevinburgh,Vegetarian,Snacks,Non-Vegetarian
559,Salad,18,03-22-2025,814,Grocery Store,Allenborough,Vegan,Dinner,Vegan
560,Fruits,41,03-18-2025,850,Grocery Store,North Stevenbury,Non-Vegetarian,Snacks,Vegan
561,Pasta,47,03-20-2025,861,Grocery Store,Lake Kendramouth,Non-Vegetarian,Lunch,Vegetarian
562,Dairy,3,03-30-2025,906,Supermarket,West Kevin,Vegan,Dinner,Vegan
563,Pasta,37,03-19-2025,554,Restaurant,Brandyberg,Non-Vegetarian,Lunch,Vegetarian
564,Fish,29,03-28-2025,518,Grocery Store,Anneville,Non-Vegetarian,Lunch,Non-Vegetarian
565,Pasta,36,03-24-2025,41,Catering Service,Bentleyburgh,Non-Vegetarian,Lunch,Vegetarian
566,Fish,8,03-17-2025,328,Grocery Store,Port Rubenville,Vegan,Lunch,Non-Vegetarian
567,Bread,3,03-28-2025,234,Catering Service,New Joel,Vegetarian,Breakfast,Vegetarian
568,Fruits,11,03-29-2025,709,Restaurant,South Kathryn,Non-Vegetarian,Breakfast,Vegan
569,Fish,20,03-25-2025,68,Supermarket,North Elizabeth,Vegan,Lunch,Non-Vegetarian
570,Vegetables,8,03-16-2025,659,Restaurant,East Lori,Non-Vegetarian,Breakfast,Vegan
571,Salad,39,03-18-2025,49,Supermarket,Lake Traceyburgh,Non-Vegetarian,Breakfast,Vegan
572,Bread,46,03-22-2025,212,Supermarket,Port Markview,Vegetarian,Dinner,Vegetarian
573,Fish,40,03-30-2025,111,Supermarket,South Davidside,Vegetarian,Snacks,Non-Vegetarian
574,Vegetables,17,03-29-2025,239,Grocery Store,South Bradleyburgh,Non-Vegetarian,Breakfast,Vegan
575,Pasta,15,03-18-2025,88,Restaurant,Salastown,Non-Vegetarian,Breakfast,Vegetarian
576,Salad,35,03-24-2025,786,Restaurant,Basstown,Non-Vegetarian,Lunch,Vegan
577,Bread,30,03-29-2025,161,Supermarket,Perezport,Non-Vegetarian,Dinner,Vegetarian
578,Salad,27,03-29-2025,285,Restaurant,West Corey,Vegan,Snacks,Vegan
579,Dairy,44,03-24-2025,885,Restaurant,Lake Stephen,Vegetarian,Breakfast,Vegetarian
580,Rice,21,03-24-2025,497,Catering Service,Chelseyfort,Non-Vegetarian,Snacks,Vegan
581,Salad,8,03-20-2025,656,Restaurant,South Tiffanyfort,Vegetarian,Breakfast,Vegan
582,Soup,44,03-20-2025,501,Grocery Store,Jordanhaven,Vegetarian,Snacks,Vegetarian
583,Vegetables,44,03-23-2025,938,Restaurant,Hollyhaven,Non-Vegetarian,Dinner,Vegan
584,Salad,16,03-30-2025,590,Grocery Store,Richchester,Non-Vegetarian,Snacks,Vegan
585,Rice,3,03-26-2025,514,Supermarket,Maxwellburgh,Vegetarian,Breakfast,Vegan
586,Vegetables,37,03-18-2025,54,Supermarket,Lake Rachael,Vegetarian,Breakfast,Vegan
587,Fruits,22,03-21-2025,192,Catering Service,Leslieville,Non-Vegetarian,Dinner,Vegan
588,Dairy,31,03-27-2025,709,Restaurant,South Kathryn,Non-Vegetarian,Breakfast,Non-Vegetarian
589,Rice,49,03-20-2025,20,Catering Service,East Samantha,Vegetarian,Dinner,Vegan
590,Fruits,11,03-28-2025,56,Catering Service,Michaelview,Vegan,Snacks,Vegan
591,Fruits,19,03-28-2025,154,Supermarket,New John,Vegetarian,Breakfast,Vegan
592,Rice,13,03-23-2025,341,Grocery Store,Lake Ryanbury,Vegan,Lunch,Vegan
593,Soup,2,03-23-2025,515,Restaurant,Snyderton,Vegan,Lunch,Vegetarian
594,Chicken,35,03-28-2025,140,Restaurant,Watsonstad,Non-Vegetarian,Breakfast,Non-Vegetarian
595,Salad,42,03-19-2025,358,Restaurant,South Crystalberg,Vegan,Lunch,Vegan
596,Fish,44,03-29-2025,158,Catering Service,North Crystal,Non-Vegetarian,Lunch,Non-Vegetarian
597,Dairy,12,03-20-2025,563,Grocery Store,East Angela,Vegetarian,Lunch,Vegetarian
598,Rice,19,03-27-2025,981,Restaurant,West Stevenport,Non-Vegetarian,Lunch,Vegan
599,Fruits,19,03-30-2025,232,Supermarket,Muellermouth,Vegetarian,Lunch,Vegan
600,Rice,39,03-24-2025,505,Restaurant,Chelseaside,Non-Vegetarian,Snacks,Vegan
601,Vegetables,9,03-27-2025,140,Restaurant,Watsonstad,Vegan,Snacks,Vegan
602,Chicken,15,03-25-2025,913,Grocery Store,Erikatown,Non-Vegetarian,Breakfast,Non-Vegetarian
603,Rice,37,03-28-2025,858,Restaurant,Johnsonborough,Non-Vegetarian,Lunch,Vegan
604,Pasta,47,03-27-2025,578,Catering Service,Port Carrie,Vegan,Breakfast,Vegetarian
605,Vegetables,20,03-23-2025,429,Grocery Store,Lake Benjamin,Vegetarian,Dinner,Vegan
606,Pasta,36,03-22-2025,932,Supermarket,New Ginaborough,Vegetarian,Dinner,Vegetarian
607,Vegetables,23,03-20-2025,556,Catering Service,Brittanyland,Vegetarian,Dinner,Vegan
608,Vegetables,27,03-28-2025,17,Catering Service,West Dawn,Non-Vegetarian,Dinner,Vegan
609,Bread,38,03-23-2025,541,Catering Service,West Karen,Vegetarian,Breakfast,Vegetarian
610,Pasta,13,03-30-2025,477,Supermarket,East Jacobchester,Non-Vegetarian,Breakfast,Vegetarian
611,Vegetables,40,03-30-2025,993,Restaurant,East Stephanie,Vegetarian,Snacks,Vegan
612,Vegetables,45,03-17-2025,874,Catering Service,Priceland,Non-Vegetarian,Lunch,Vegan
613,Bread,42,03-20-2025,592,Restaurant,North Brendaborough,Vegetarian,Dinner,Vegetarian
614,Salad,43,03-16-2025,146,Supermarket,Jonathanhaven,Vegan,Lunch,Vegan
615,Salad,11,03-23-2025,104,Catering Service,Lake Theresa,Vegetarian,Breakfast,Vegan
616,Fish,35,03-20-2025,735,Restaurant,Westmouth,Non-Vegetarian,Dinner,Non-Vegetarian
617,Soup,27,03-18-2025,507,Grocery Store,Lake Diane,Vegetarian,Lunch,Vegetarian
618,Soup,9,03-18-2025,929,Catering Service,Lake Richardhaven,Non-Vegetarian,Dinner,Vegetarian
619,Pasta,46,03-29-2025,725,Grocery Store,New Evanport,Vegan,Snacks,Vegetarian
620,Chicken,7,03-20-2025,497,Catering Service,Chelseyfort,Vegetarian,Dinner,Non-Vegetarian
621,Soup,23,03-21-2025,979,Restaurant,West Hunter,Non-Vegetarian,Lunch,Vegetarian
622,Fish,17,03-24-2025,857,Supermarket,Jordanborough,Vegan,Snacks,Non-Vegetarian
623,Salad,38,03-29-2025,37,Catering Service,New Amanda,Vegetarian,Breakfast,Vegan
624,Fish,10,03-16-2025,475,Catering Service,Bentonfurt,Non-Vegetarian,Breakfast,Non-Vegetarian
625,Rice,7,03-22-2025,632,Supermarket,Davidville,Vegan,Breakfast,Vegan
626,Salad,37,03-29-2025,274,Supermarket,New Dawnborough,Non-Vegetarian,Breakfast,Vegan
627,Vegetables,26,03-17-2025,890,Restaurant,Pereztown,Non-Vegetarian,Breakfast,Vegan
628,Fish,5,03-16-2025,758,Catering Service,Port Patrick,Non-Vegetarian,Snacks,Non-Vegetarian
629,Bread,33,03-20-2025,694,Supermarket,Amandashire,Vegan,Breakfast,Vegetarian
630,Bread,39,03-25-2025,478,Catering Service,Lake Regina,Vegan,Snacks,Vegetarian
631,Pasta,49,03-30-2025,232,Supermarket,Muellermouth,Non-Vegetarian,Dinner,Vegetarian
632,Fruits,45,03-25-2025,850,Grocery Store,North Stevenbury,Vegan,Breakfast,Vegan
633,Salad,19,03-28-2025,922,Restaurant,Lake Michael,Vegan,Snacks,Vegan
634,Bread,40,03-16-2025,205,Grocery Store,Carlbury,Non-Vegetarian,Breakfast,Vegetarian
635,Pasta,18,03-26-2025,251,Restaurant,East Terrancemouth,Vegetarian,Dinner,Vegetarian
636,Fish,11,03-25-2025,687,Catering Service,North James,Non-Vegetarian,Lunch,Non-Vegetarian
637,Chicken,49,03-30-2025,873,Catering Service,East Sonyaport,Non-Vegetarian,Lunch,Non-Vegetarian
638,Rice,12,03-21-2025,421,Supermarket,Kylehaven,Non-Vegetarian,Dinner,Vegan
639,Salad,5,03-20-2025,60,Restaurant,Wilsonport,Non-Vegetarian,Lunch,Vegan
640,Pasta,2,03-17-2025,422,Catering Service,Smithfort,Non-Vegetarian,Breakfast,Vegetarian
641,Bread,9,03-30-2025,692,Supermarket,South Andrewport,Vegan,Snacks,Vegetarian
642,Chicken,38,03-29-2025,365,Restaurant,West Robert,Non-Vegetarian,Dinner,Non-Vegetarian
643,Salad,8,03-23-2025,240,Catering Service,Andreaborough,Vegan,Dinner,Vegan
644,Bread,21,03-18-2025,42,Grocery Store,East Nicholasbury,Non-Vegetarian,Snacks,Vegetarian
645,Soup,34,03-21-2025,643,Supermarket,North Ebony,Vegetarian,Breakfast,Vegetarian
646,Fruits,44,03-17-2025,417,Restaurant,East Ashleyshire,Vegetarian,Breakfast,Vegan
647,Rice,1,03-18-2025,184,Grocery Store,Velazquezview,Vegan,Snacks,Vegan
648,Rice,42,03-23-2025,904,Grocery Store,West Miaside,Non-Vegetarian,Breakfast,Vegan
649,Dairy,8,03-30-2025,806,Supermarket,West Samuelfurt,Vegetarian,Lunch,Vegetarian
650,Soup,40,03-16-2025,288,Supermarket,Maynardstad,Non-Vegetarian,Breakfast,Vegetarian
651,Pasta,36,03-16-2025,72,Catering Service,Jasonstad,Non-Vegetarian,Snacks,Vegetarian
652,Fruits,44,03-23-2025,634,Supermarket,Colemanton,Non-Vegetarian,Dinner,Vegan
653,Soup,50,03-25-2025,573,Supermarket,New Thomasmouth,Non-Vegetarian,Breakfast,Vegetarian
654,Bread,2,03-26-2025,765,Grocery Store,South Douglashaven,Vegetarian,Dinner,Vegetarian
655,Salad,46,03-27-2025,491,Supermarket,Samanthabury,Non-Vegetarian,Snacks,Vegan
656,Bread,26,03-25-2025,432,Restaurant,Carolchester,Vegetarian,Dinner,Vegetarian
657,Rice,14,03-28-2025,239,Grocery Store,South Bradleyburgh,Vegan,Lunch,Vegan
658,Vegetables,4,03-26-2025,769,Catering Service,Carrport,Non-Vegetarian,Dinner,Vegan
659,Salad,4,03-27-2025,707,Supermarket,Laurietown,Non-Vegetarian,Dinner,Vegan
660,Salad,42,03-17-2025,138,Grocery Store,North Sherrimouth,Vegetarian,Snacks,Vegan
661,Bread,12,03-25-2025,906,Supermarket,West Kevin,Vegan,Dinner,Vegetarian
662,Soup,47,03-30-2025,498,Grocery Store,East Craig,Vegan,Snacks,Vegetarian
663,Dairy,42,03-24-2025,315,Restaurant,Lake Andrewmouth,Vegan,Snacks,Vegan
664,Bread,34,03-20-2025,327,Restaurant,Villaborough,Non-Vegetarian,Breakfast,Vegetarian
665,Pasta,7,03-18-2025,142,Catering Service,Mitchellmouth,Vegan,Dinner,Vegetarian
666,Vegetables,47,03-21-2025,835,Catering Service,Thorntonbury,Non-Vegetarian,Dinner,Vegan
667,Soup,30,03-21-2025,961,Restaurant,New Amanda,Vegetarian,Lunch,Vegetarian
668,Salad,48,03-20-2025,357,Supermarket,Donnaborough,Non-Vegetarian,Snacks,Vegan
669,Vegetables,14,03-27-2025,164,Grocery Store,Sylviabury,Vegetarian,Dinner,Vegan
670,Salad,37,03-24-2025,289,Supermarket,Toddstad,Non-Vegetarian,Snacks,Vegan
671,Salad,49,03-24-2025,498,Grocery Store,East Craig,Vegetarian,Breakfast,Vegan
672,Bread,2,03-24-2025,555,Grocery Store,South Brenda,Vegetarian,Snacks,Vegetarian
673,Rice,28,03-20-2025,677,Grocery Store,Williamsmouth,Vegan,Lunch,Vegan
674,Vegetables,34,03-17-2025,518,Grocery Store,Anneville,Vegetarian,Lunch,Vegan
675,Soup,25,03-26-2025,117,Restaurant,Amberton,Vegan,Dinner,Vegetarian
676,Soup,15,03-23-2025,577,Catering Service,Lake Donna,Non-Vegetarian,Dinner,Vegetarian
677,Dairy,43,03-16-2025,672,Catering Service,North Mariahchester,Vegan,Breakfast,Vegan
678,Pasta,8,03-24-2025,177,Supermarket,South Nicholasville,Vegetarian,Snacks,Vegetarian
679,Bread,24,03-24-2025,698,Grocery Store,Phillipsmouth,Non-Vegetarian,Snacks,Vegetarian
680,Dairy,47,03-23-2025,499,Catering Service,Jonathanstad,Non-Vegetarian,Snacks,Non-Vegetarian
681,Bread,28,03-27-2025,616,Restaurant,Clarkberg,Non-Vegetarian,Breakfast,Vegetarian
682,Pasta,30,03-25-2025,87,Grocery Store,West Adam,Vegetarian,Snacks,Vegetarian
683,Soup,28,03-18-2025,726,Supermarket,Shortfurt,Vegetarian,Dinner,Vegetarian
684,Rice,39,03-29-2025,221,Supermarket,Walterborough,Vegetarian,Snacks,Vegan
685,Rice,39,03-18-2025,332,Restaurant,West Whitneymouth,Vegetarian,Dinner,Vegan
686,Salad,15,03-28-2025,707,Supermarket,Laurietown,Vegetarian,Dinner,Vegan
687,Pasta,5,03-29-2025,326,Supermarket,Lake Alicia,Vegan,Lunch,Vegetarian
688,Salad,6,03-22-2025,536,Restaurant,South Donald,Vegan,Snacks,Vegan
689,Pasta,34,03-21-2025,350,Restaurant,Port Dustin,Vegetarian,Breakfast,Vegetarian
690,Fruits,43,03-16-2025,779,Supermarket,New Bobbytown,Vegetarian,Breakfast,Vegan
691,Rice,21,03-28-2025,65,Grocery Store,Lake Raymondton,Vegan,Dinner,Vegan
692,Bread,8,03-17-2025,332,Restaurant,West Whitneymouth,Non-Vegetarian,Dinner,Vegetarian
693,Chicken,6,03-24-2025,563,Grocery Store,East Angela,Vegetarian,Dinner,Non-Vegetarian
694,Bread,50,03-22-2025,995,Supermarket,Manningshire,Vegetarian,Dinner,Vegetarian
695,Fruits,17,03-23-2025,176,Restaurant,East John,Vegetarian,Breakfast,Vegan
696,Rice,26,03-24-2025,752,Grocery Store,East Heatherport,Non-Vegetarian,Snacks,Vegan
697,Chicken,42,03-21-2025,817,Restaurant,Walterton,Vegan,Breakfast,Non-Vegetarian
698,Rice,16,03-22-2025,872,Supermarket,Ramosville,Non-Vegetarian,Lunch,Vegan
699,Salad,32,03-16-2025,777,Catering Service,Wilsonview,Non-Vegetarian,Dinner,Vegan
700,Dairy,10,03-17-2025,840,Restaurant,Cisnerostown,Vegan,Breakfast,Vegan
701,Salad,33,03-19-2025,192,Catering Service,Leslieville,Vegetarian,Lunch,Vegan
702,Bread,6,03-25-2025,806,Supermarket,West Samuelfurt,Vegan,Snacks,Vegetarian
703,Salad,35,03-29-2025,784,Restaurant,Gibsonfort,Vegetarian,Breakfast,Vegan
704,Chicken,43,03-27-2025,518,Grocery Store,Anneville,Non-Vegetarian,Lunch,Non-Vegetarian
705,Fruits,39,03-30-2025,199,Catering Service,Christinamouth,Non-Vegetarian,Breakfast,Vegan
706,Dairy,45,03-22-2025,224,Restaurant,East Lindsayville,Non-Vegetarian,Dinner,Non-Vegetarian
707,Soup,29,03-22-2025,625,Grocery Store,East Lisa,Vegetarian,Dinner,Vegetarian
708,Rice,17,03-22-2025,800,Catering Service,East Amyfurt,Vegan,Lunch,Vegan
709,Chicken,15,03-20-2025,127,Restaurant,Jasonland,Vegetarian,Breakfast,Non-Vegetarian
710,Chicken,41,03-22-2025,970,Catering Service,Jeffreybury,Non-Vegetarian,Lunch,Non-Vegetarian
711,Pasta,25,03-17-2025,632,Supermarket,Davidville,Vegan,Breakfast,Vegetarian
712,Pasta,31,03-18-2025,263,Grocery Store,Chambersfort,Non-Vegetarian,Dinner,Vegetarian
713,Fish,7,03-26-2025,108,Supermarket,East Austin,Vegan,Snacks,Non-Vegetarian
714,Pasta,5,03-25-2025,928,Catering Service,Zimmermanton,Vegetarian,Lunch,Vegetarian
715,Soup,21,03-23-2025,46,Grocery Store,South Lisaberg,Non-Vegetarian,Breakfast,Vegetarian
716,Dairy,29,03-21-2025,237,Supermarket,Frederickside,Vegetarian,Snacks,Vegetarian
717,Salad,40,03-16-2025,108,Supermarket,East Austin,Non-Vegetarian,Breakfast,Vegan
718,Vegetables,45,03-28-2025,801,Catering Service,North Joseph,Non-Vegetarian,Dinner,Vegan
719,Pasta,44,03-20-2025,701,Restaurant,Browntown,Vegan,Snacks,Vegetarian
720,Dairy,1,03-27-2025,849,Supermarket,South Christopherborough,Vegan,Snacks,Vegan
721,Vegetables,20,03-22-2025,342,Catering Service,Matthewbury,Non-Vegetarian,Breakfast,Vegan
722,Soup,43,03-26-2025,306,Catering Service,North Keith,Vegetarian,Dinner,Vegetarian
723,Pasta,2,03-25-2025,762,Restaurant,West Lucasville,Vegetarian,Breakfast,Vegetarian
724,Dairy,44,03-18-2025,459,Supermarket,Castilloport,Vegetarian,Lunch,Vegetarian
725,Soup,47,03-30-2025,846,Supermarket,South Thomasville,Vegetarian,Breakfast,Vegetarian
726,Soup,27,03-22-2025,719,Restaurant,East Cynthia,Vegetarian,Breakfast,Vegetarian
727,Chicken,3,03-18-2025,285,Restaurant,West Corey,Vegetarian,Lunch,Non-Vegetarian
728,Dairy,28,03-28-2025,265,Catering Service,New Douglas,Vegetarian,Dinner,Vegetarian
729,Rice,42,03-30-2025,253,Catering Service,Sharonton,Vegan,Lunch,Vegan
730,Soup,15,03-19-2025,372,Restaurant,Lewisberg,Vegan,Lunch,Vegetarian
731,Fruits,42,03-30-2025,324,Grocery Store,East Elizabeth,Vegetarian,Snacks,Vegan
732,Soup,29,03-18-2025,734,Catering Service,Port Anita,Vegan,Dinner,Vegetarian
733,Pasta,31,03-26-2025,736,Supermarket,East Anthony,Vegetarian,Snacks,Vegetarian
734,Vegetables,5,03-27-2025,125,Supermarket,Lake April,Non-Vegetarian,Lunch,Vegan
735,Fish,2,03-19-2025,459,Supermarket,Castilloport,Non-Vegetarian,Snacks,Non-Vegetarian
736,Fruits,33,03-24-2025,792,Catering Service,Mortonfort,Non-Vegetarian,Snacks,Vegan
737,Fish,3,03-16-2025,930,Restaurant,Kellytown,Non-Vegetarian,Snacks,Non-Vegetarian
738,Fruits,5,03-24-2025,793,Grocery Store,West Brandon,Vegan,Snacks,Vegan
739,Chicken,2,03-28-2025,186,Grocery Store,Evansmouth,Vegan,Breakfast,Non-Vegetarian
740,Salad,6,03-24-2025,964,Catering Service,Connieside,Vegetarian,Lunch,Vegan
741,Fish,21,03-16-2025,776,Supermarket,Williamview,Vegan,Breakfast,Non-Vegetarian
742,Dairy,3,03-30-2025,483,Catering Service,Millerview,Vegetarian,Breakfast,Vegetarian
743,Chicken,46,03-29-2025,308,Catering Service,Brittanyside,Vegan,Breakfast,Non-Vegetarian
744,Fish,13,03-17-2025,456,Grocery Store,North Katelyn,Non-Vegetarian,Snacks,Non-Vegetarian
745,Fruits,34,03-18-2025,961,Restaurant,New Amanda,Vegan,Breakfast,Vegan
746,Bread,31,03-30-2025,293,Catering Service,Joneshaven,Non-Vegetarian,Lunch,Vegetarian
747,Dairy,39,03-19-2025,238,Grocery Store,North Julieburgh,Vegan,Lunch,Vegan
748,Soup,17,03-24-2025,472,Restaurant,Rebeccaburgh,Vegetarian,Breakfast,Vegetarian
749,Salad,32,03-27-2025,140,Restaurant,Watsonstad,Non-Vegetarian,Lunch,Vegan
750,Bread,17,03-25-2025,613,Grocery Store,Petersonburgh,Non-Vegetarian,Breakfast,Vegetarian
751,Chicken,18,03-25-2025,720,Restaurant,Francisshire,Vegan,Snacks,Non-Vegetarian
752,Soup,12,03-17-2025,460,Grocery Store,Lake Justin,Vegan,Breakfast,Vegetarian
753,Fruits,19,03-24-2025,182,Grocery Store,Port Jeffrey,Vegetarian,Breakfast,Vegan
754,Dairy,37,03-30-2025,986,Supermarket,Port David,Non-Vegetarian,Dinner,Non-Vegetarian
755,Soup,4,03-17-2025,195,Supermarket,Justinhaven,Vegetarian,Dinner,Vegetarian
756,Bread,5,03-19-2025,887,Supermarket,Strongmouth,Vegan,Snacks,Vegetarian
757,Dairy,42,03-21-2025,282,Supermarket,Port Gregton,Vegetarian,Dinner,Vegetarian
758,Rice,4,03-26-2025,989,Grocery Store,North Lauren,Non-Vegetarian,Dinner,Vegan
759,Chicken,36,03-18-2025,779,Supermarket,New Bobbytown,Non-Vegetarian,Snacks,Non-Vegetarian
760,Dairy,28,03-26-2025,710,Catering Service,Mikaylachester,Non-Vegetarian,Dinner,Non-Vegetarian
761,Dairy,46,03-24-2025,217,Supermarket,Mooremouth,Vegetarian,Snacks,Vegetarian
762,Soup,4,03-23-2025,76,Restaurant,Port Amandamouth,Vegetarian,Snacks,Vegetarian
763,Fish,33,03-17-2025,846,Supermarket,South Thomasville,Vegan,Snacks,Non-Vegetarian
764,Vegetables,21,03-19-2025,9,Supermarket,Tinamouth,Vegetarian,Breakfast,Vegan
765,Soup,1,03-28-2025,161,Supermarket,Perezport,Vegan,Lunch,Vegetarian
766,Chicken,17,03-24-2025,463,Grocery Store,East Edwinburgh,Vegetarian,Breakfast,Non-Vegetarian
767,Salad,17,03-27-2025,952,Grocery Store,Samueltown,Vegan,Dinner,Vegan
768,Soup,39,03-28-2025,200,Supermarket,Bradleyport,Non-Vegetarian,Snacks,Vegetarian
769,Chicken,27,03-25-2025,483,Catering Service,Millerview,Vegetarian,Lunch,Non-Vegetarian
770,Dairy,30,03-30-2025,770,Supermarket,East Melissa,Non-Vegetarian,Lunch,Non-Vegetarian
771,Chicken,9,03-23-2025,551,Restaurant,East Sandratown,Vegetarian,Dinner,Non-Vegetarian
772,Salad,37,03-23-2025,609,Restaurant,South Christopherborough,Vegan,Lunch,Vegan
773,Fish,40,03-20-2025,509,Grocery Store,Cordovaborough,Vegetarian,Dinner,Non-Vegetarian
774,Dairy,2,03-16-2025,788,Supermarket,New Michaelmouth,Vegan,Breakfast,Vegan
775,Pasta,7,03-17-2025,204,Supermarket,Lake Lauraton,Vegetarian,Dinner,Vegetarian
776,Chicken,33,03-24-2025,249,Catering Service,Johnsonside,Vegetarian,Dinner,Non-Vegetarian
777,Fruits,5,03-18-2025,709,Restaurant,South Kathryn,Vegetarian,Dinner,Vegan
778,Dairy,7,03-21-2025,57,Grocery Store,Port Robin,Non-Vegetarian,Snacks,Non-Vegetarian
779,Bread,43,03-27-2025,74,Catering Service,Belindaville,Vegan,Lunch,Vegetarian
780,Dairy,48,03-17-2025,162,Restaurant,Penabury,Vegan,Snacks,Vegan
781,Bread,45,03-23-2025,33,Restaurant,Janetborough,Vegan,Snacks,Vegetarian
782,Rice,49,03-28-2025,566,Catering Service,New Rachel,Non-Vegetarian,Snacks,Vegan
783,Rice,4,03-20-2025,455,Catering Service,Madisonfort,Vegetarian,Snacks,Vegan
784,Bread,1,03-26-2025,335,Grocery Store,North Gary,Non-Vegetarian,Dinner,Vegetarian
785,Bread,10,03-16-2025,678,Grocery Store,Lake Travis,Non-Vegetarian,Lunch,Vegetarian
786,Rice,4,03-30-2025,959,Grocery Store,North Victoriastad,Vegetarian,Dinner,Vegan
787,Fish,48,03-24-2025,355,Restaurant,Port Patrick,Vegetarian,Dinner,Non-Vegetarian
788,Fish,26,03-30-2025,34,Grocery Store,North Garybury,Vegan,Dinner,Non-Vegetarian
789,Chicken,10,03-26-2025,673,Restaurant,New Connorfort,Vegan,Snacks,Non-Vegetarian
790,Chicken,2,03-21-2025,332,Restaurant,West Whitneymouth,Vegan,Dinner,Non-Vegetarian
791,Soup,23,03-29-2025,152,Catering Service,South Jacobport,Vegetarian,Breakfast,Vegetarian
792,Chicken,15,03-17-2025,308,Catering Service,Brittanyside,Vegan,Breakfast,Non-Vegetarian
793,Fruits,5,03-24-2025,824,Supermarket,Lopezport,Vegan,Snacks,Vegan
794,Fruits,21,03-27-2025,380,Restaurant,Lake Christophermouth,Vegan,Snacks,Vegan
795,Dairy,3,03-19-2025,911,Restaurant,Garciatown,Non-Vegetarian,Dinner,Non-Vegetarian
796,Pasta,8,03-27-2025,798,Grocery Store,North Amanda,Vegetarian,Lunch,Vegetarian
797,Dairy,40,03-27-2025,467,Catering Service,Phillipsfort,Vegan,Breakfast,Vegan
798,Fish,3,03-30-2025,413,Catering Service,North Mike,Vegetarian,Lunch,Non-Vegetarian
799,Chicken,5,03-17-2025,764,Restaurant,New Travisshire,Vegetarian,Breakfast,Non-Vegetarian
800,Dairy,15,03-20-2025,193,Restaurant,North Lisaland,Vegan,Lunch,Vegan
801,Chicken,50,03-18-2025,609,Restaurant,South Christopherborough,Vegan,Lunch,Non-Vegetarian
802,Soup,25,03-22-2025,62,Grocery Store,Marymouth,Non-Vegetarian,Dinner,Vegetarian
803,Chicken,13,03-27-2025,714,Catering Service,North William,Vegan,Snacks,Non-Vegetarian
804,Fruits,47,03-27-2025,16,Catering Service,West Vanessafort,Vegan,Breakfast,Vegan
805,Chicken,1,03-22-2025,235,Catering Service,Gutierrezshire,Non-Vegetarian,Dinner,Non-Vegetarian
806,Soup,12,03-27-2025,388,Supermarket,Manuelhaven,Vegetarian,Dinner,Vegetarian
807,Salad,35,03-19-2025,474,Catering Service,South Nicole,Vegetarian,Dinner,Vegan
808,Dairy,7,03-23-2025,868,Grocery Store,Rodriguezview,Vegetarian,Dinner,Vegetarian
809,Dairy,48,03-29-2025,292,Supermarket,Mooneybury,Vegan,Breakfast,Vegan
810,Bread,34,03-16-2025,993,Restaurant,East Stephanie,Vegan,Snacks,Vegetarian
811,Salad,19,03-27-2025,513,Catering Service,West Larry,Non-Vegetarian,Dinner,Vegan
812,Bread,49,03-19-2025,471,Grocery Store,Charlesmouth,Non-Vegetarian,Lunch,Vegetarian
813,Fish,33,03-23-2025,610,Supermarket,Allenton,Vegetarian,Breakfast,Non-Vegetarian
814,Bread,18,03-17-2025,287,Catering Service,Jefferyside,Vegan,Snacks,Vegetarian
815,Pasta,50,03-22-2025,157,Restaurant,Bairdfort,Vegan,Snacks,Vegetarian
816,Fruits,2,03-17-2025,965,Restaurant,Port Bryce,Vegetarian,Lunch,Vegan
817,Rice,23,03-28-2025,363,Catering Service,East Brittanyland,Vegetarian,Snacks,Vegan
818,Fish,50,03-29-2025,248,Restaurant,South Michellechester,Vegetarian,Dinner,Non-Vegetarian
819,Bread,35,03-28-2025,304,Catering Service,Port Marcland,Non-Vegetarian,Breakfast,Vegetarian
820,Fruits,46,03-27-2025,753,Supermarket,South Randy,Non-Vegetarian,Lunch,Vegan
821,Chicken,9,03-24-2025,167,Catering Service,Davidport,Non-Vegetarian,Lunch,Non-Vegetarian
822,Dairy,27,03-25-2025,237,Supermarket,Frederickside,Vegan,Lunch,Vegan
823,Chicken,27,03-21-2025,587,Restaurant,Lake George,Vegan,Lunch,Non-Vegetarian
824,Bread,12,03-27-2025,993,Restaurant,East Stephanie,Vegetarian,Dinner,Vegetarian
825,Salad,25,03-25-2025,995,Supermarket,Manningshire,Vegetarian,Breakfast,Vegan
826,Bread,39,03-17-2025,50,Catering Service,West Danielborough,Vegan,Snacks,Vegetarian
827,Salad,3,03-23-2025,907,Supermarket,South Marthahaven,Vegan,Snacks,Vegan
828,Vegetables,21,03-24-2025,636,Grocery Store,West Omarside,Non-Vegetarian,Breakfast,Vegan
829,Dairy,44,03-18-2025,262,Supermarket,New Carol,Vegan,Dinner,Vegan
830,Vegetables,3,03-25-2025,847,Supermarket,Williamsonmouth,Vegetarian,Snacks,Vegan
831,Pasta,24,03-22-2025,330,Restaurant,Jamesport,Non-Vegetarian,Breakfast,Vegetarian
832,Fish,19,03-16-2025,752,Grocery Store,East Heatherport,Non-Vegetarian,Breakfast,Non-Vegetarian
833,Fruits,44,03-17-2025,146,Supermarket,Jonathanhaven,Non-Vegetarian,Dinner,Vegan
834,Pasta,43,03-18-2025,531,Catering Service,North Kylestad,Vegetarian,Dinner,Vegetarian
835,Vegetables,17,03-29-2025,752,Grocery Store,East Heatherport,Vegetarian,Lunch,Vegan
836,Salad,49,03-16-2025,685,Supermarket,Maysside,Vegan,Breakfast,Vegan
837,Soup,50,03-24-2025,642,Catering Service,Lesterstad,Vegan,Snacks,Vegetarian
838,Bread,38,03-29-2025,770,Supermarket,East Melissa,Vegetarian,Lunch,Vegetarian
839,Chicken,6,03-17-2025,72,Catering Service,Jasonstad,Vegan,Lunch,Non-Vegetarian
840,Dairy,43,03-16-2025,548,Supermarket,Lisamouth,Vegan,Snacks,Vegan
841,Chicken,15,03-25-2025,532,Grocery Store,Darrylchester,Vegan,Lunch,Non-Vegetarian
842,Bread,40,03-21-2025,205,Grocery Store,Carlbury,Vegan,Breakfast,Vegetarian
843,Fruits,46,03-24-2025,515,Restaurant,Snyderton,Vegetarian,Dinner,Vegan
844,Fish,46,03-29-2025,495,Supermarket,Brownshire,Non-Vegetarian,Dinner,Non-Vegetarian
845,Bread,14,03-20-2025,718,Restaurant,Port Victoria,Non-Vegetarian,Dinner,Vegetarian
846,Salad,34,03-19-2025,894,Restaurant,Cannonside,Vegan,Snacks,Vegan
847,Pasta,29,03-21-2025,887,Supermarket,Strongmouth,Vegan,Dinner,Vegetarian
848,Dairy,32,03-25-2025,426,Catering Service,Taylorchester,Non-Vegetarian,Dinner,Non-Vegetarian
849,Pasta,29,03-21-2025,563,Grocery Store,East Angela,Vegan,Breakfast,Vegetarian
850,Dairy,22,03-26-2025,67,Restaurant,Kentland,Vegan,Breakfast,Vegan
851,Fruits,35,03-18-2025,516,Catering Service,New Aaronberg,Non-Vegetarian,Snacks,Vegan
852,Vegetables,49,03-20-2025,363,Catering Service,East Brittanyland,Non-Vegetarian,Snacks,Vegan
853,Rice,18,03-27-2025,841,Restaurant,Lake Tamara,Vegan,Snacks,Vegan
854,Fish,33,03-22-2025,804,Restaurant,North Ashley,Vegan,Breakfast,Non-Vegetarian
855,Salad,28,03-25-2025,596,Restaurant,Zimmermanville,Vegetarian,Lunch,Vegan
856,Rice,44,03-23-2025,501,Grocery Store,Jordanhaven,Vegetarian,Snacks,Vegan
857,Pasta,47,03-17-2025,97,Supermarket,Reyesshire,Vegetarian,Dinner,Vegetarian
858,Fruits,13,03-22-2025,413,Catering Service,North Mike,Non-Vegetarian,Snacks,Vegan
859,Pasta,1,03-26-2025,319,Restaurant,Lake Amymouth,Non-Vegetarian,Breakfast,Vegetarian
860,Fish,37,03-17-2025,934,Grocery Store,Steveport,Vegetarian,Lunch,Non-Vegetarian
861,Dairy,45,03-26-2025,937,Restaurant,Roachhaven,Non-Vegetarian,Dinner,Non-Vegetarian
862,Dairy,4,03-19-2025,237,Supermarket,Frederickside,Non-Vegetarian,Lunch,Non-Vegetarian
863,Fruits,30,03-20-2025,57,Grocery Store,Port Robin,Vegan,Breakfast,Vegan
864,Soup,11,03-28-2025,741,Catering Service,West Anthonymouth,Vegetarian,Snacks,Vegetarian
865,Fish,25,03-20-2025,837,Supermarket,South Charles,Non-Vegetarian,Snacks,Non-Vegetarian
866,Fish,7,03-29-2025,169,Grocery Store,Lindseyland,Vegetarian,Dinner,Non-Vegetarian
867,Soup,1,03-21-2025,870,Supermarket,New Hollyfurt,Vegetarian,Snacks,Vegetarian
868,Soup,4,03-22-2025,504,Catering Service,Gaineschester,Non-Vegetarian,Snacks,Vegetarian
869,Fish,27,03-20-2025,40,Restaurant,Jennifertown,Vegan,Snacks,Non-Vegetarian
870,Fish,3,03-30-2025,653,Catering Service,Cameronside,Vegetarian,Breakfast,Non-Vegetarian
871,Chicken,7,03-16-2025,875,Grocery Store,South William,Non-Vegetarian,Lunch,Non-Vegetarian
872,Vegetables,50,03-29-2025,717,Catering Service,Pamelaberg,Vegetarian,Snacks,Vegan
873,Rice,49,03-29-2025,712,Restaurant,Huberstad,Vegan,Lunch,Vegan
874,Bread,45,03-17-2025,655,Restaurant,Jimmyberg,Non-Vegetarian,Snacks,Vegetarian
875,Bread,19,03-29-2025,721,Catering Service,Port Staceymouth,Non-Vegetarian,Breakfast,Vegetarian
876,Salad,38,03-20-2025,78,Restaurant,North Susan,Vegan,Snacks,Vegan
877,Chicken,8,03-20-2025,374,Grocery Store,Steeleport,Non-Vegetarian,Lunch,Non-Vegetarian
878,Rice,23,03-29-2025,17,Catering Service,West Dawn,Non-Vegetarian,Snacks,Vegan
879,Chicken,21,03-25-2025,778,Catering Service,Edwardsbury,Non-Vegetarian,Dinner,Non-Vegetarian
880,Soup,35,03-25-2025,954,Catering Service,Randallchester,Vegetarian,Lunch,Vegetarian
881,Dairy,43,03-17-2025,655,Restaurant,Jimmyberg,Vegetarian,Lunch,Vegetarian
882,Salad,43,03-23-2025,138,Grocery Store,North Sherrimouth,Vegan,Lunch,Vegan
883,Bread,8,03-23-2025,857,Supermarket,Jordanborough,Vegetarian,Lunch,Vegetarian
884,Chicken,27,03-28-2025,371,Grocery Store,Solisburgh,Vegetarian,Lunch,Non-Vegetarian
885,Rice,44,03-22-2025,503,Restaurant,Joseville,Vegan,Lunch,Vegan
886,Bread,48,03-20-2025,423,Restaurant,South Justinborough,Vegetarian,Breakfast,Vegetarian
887,Soup,12,03-21-2025,825,Supermarket,South Bryan,Vegetarian,Lunch,Vegetarian
888,Salad,6,03-25-2025,50,Catering Service,West Danielborough,Non-Vegetarian,Snacks,Vegan
889,Soup,21,03-16-2025,266,Grocery Store,Port Ronaldshire,Vegan,Snacks,Vegetarian
890,Chicken,40,03-28-2025,41,Catering Service,Bentleyburgh,Vegan,Lunch,Non-Vegetarian
891,Chicken,9,03-18-2025,539,Restaurant,Watsonton,Vegetarian,Lunch,Non-Vegetarian
892,Bread,42,03-19-2025,405,Supermarket,Kevinfort,Vegetarian,Dinner,Vegetarian
893,Salad,3,03-28-2025,46,Grocery Store,South Lisaberg,Vegan,Lunch,Vegan
894,Pasta,43,03-25-2025,310,Grocery Store,Saraburgh,Vegetarian,Dinner,Vegetarian
895,Pasta,38,03-29-2025,888,Supermarket,West Sharonview,Vegan,Snacks,Vegetarian
896,Vegetables,32,03-18-2025,547,Restaurant,Batesstad,Vegetarian,Snacks,Vegan
897,Chicken,5,03-20-2025,638,Restaurant,Jeffreyport,Non-Vegetarian,Lunch,Non-Vegetarian
898,Fish,28,03-27-2025,87,Grocery Store,West Adam,Non-Vegetarian,Breakfast,Non-Vegetarian
899,Pasta,44,03-29-2025,5,Grocery Store,Valentineside,Vegetarian,Snacks,Vegetarian
900,Dairy,31,03-29-2025,732,Supermarket,Ginaview,Non-Vegetarian,Breakfast,Non-Vegetarian
901,Vegetables,38,03-26-2025,183,Grocery Store,South Anne,Vegetarian,Dinner,Vegan
902,Salad,34,03-30-2025,347,Supermarket,Louismouth,Vegan,Snacks,Vegan
903,Rice,25,03-30-2025,452,Supermarket,New Erica,Vegetarian,Breakfast,Vegan
904,Chicken,40,03-22-2025,709,Restaurant,South Kathryn,Vegetarian,Breakfast,Non-Vegetarian
905,Bread,37,03-25-2025,2,Grocery Store,East Sheena,Vegan,Dinner,Vegetarian
906,Soup,17,03-30-2025,191,Grocery Store,Lake Jessicamouth,Vegan,Snacks,Vegetarian
907,Chicken,17,03-16-2025,175,Catering Service,Katherinefurt,Vegan,Lunch,Non-Vegetarian
908,Rice,16,03-27-2025,463,Grocery Store,East Edwinburgh,Non-Vegetarian,Snacks,Vegan
909,Fish,10,03-28-2025,831,Catering Service,Lewishaven,Vegan,Snacks,Non-Vegetarian
910,Salad,37,03-19-2025,533,Catering Service,Rogersmouth,Vegetarian,Breakfast,Vegan
911,Fish,5,03-21-2025,124,Supermarket,Lake Shelby,Vegetarian,Dinner,Non-Vegetarian
912,Dairy,6,03-28-2025,334,Grocery Store,South Jillshire,Non-Vegetarian,Breakfast,Non-Vegetarian
913,Fruits,39,03-22-2025,962,Catering Service,Alexanderchester,Vegetarian,Dinner,Vegan
914,Chicken,18,03-27-2025,995,Supermarket,Manningshire,Vegan,Dinner,Non-Vegetarian
915,Vegetables,35,03-22-2025,198,Restaurant,Port Karen,Non-Vegetarian,Snacks,Vegan
916,Rice,47,03-16-2025,920,Restaurant,New Calebberg,Non-Vegetarian,Snacks,Vegan
917,Soup,15,03-28-2025,393,Restaurant,Heatherview,Vegan,Dinner,Vegetarian
918,Dairy,8,03-29-2025,583,Catering Service,Marcstad,Vegetarian,Breakfast,Vegetarian
919,Soup,35,03-26-2025,52,Supermarket,Port Dianaberg,Non-Vegetarian,Dinner,Vegetarian
920,Soup,2,03-19-2025,691,Restaurant,Youngchester,Vegetarian,Snacks,Vegetarian
921,Chicken,6,03-26-2025,59,Grocery Store,Marissaville,Vegetarian,Snacks,Non-Vegetarian
922,Soup,32,03-22-2025,312,Restaurant,North Ianbury,Non-Vegetarian,Dinner,Vegetarian
923,Fruits,42,03-24-2025,161,Supermarket,Perezport,Vegan,Snacks,Vegan
924,Fish,3,03-20-2025,764,Restaurant,New Travisshire,Vegetarian,Dinner,Non-Vegetarian
925,Salad,12,03-26-2025,665,Catering Service,West Billborough,Non-Vegetarian,Lunch,Vegan
926,Rice,41,03-16-2025,240,Catering Service,Andreaborough,Vegetarian,Snacks,Vegan
927,Fruits,39,03-26-2025,261,Grocery Store,South Richardhaven,Vegetarian,Snacks,Vegan
928,Bread,20,03-20-2025,852,Grocery Store,East Shanestad,Vegetarian,Breakfast,Vegetarian
929,Bread,23,03-26-2025,181,Restaurant,Taylormouth,Vegan,Lunch,Vegetarian
930,Chicken,33,03-18-2025,983,Grocery Store,Herbertbury,Vegan,Lunch,Non-Vegetarian
931,Vegetables,49,03-23-2025,139,Supermarket,Port Connie,Vegan,Snacks,Vegan
932,Pasta,11,03-18-2025,857,Supermarket,Jordanborough,Vegetarian,Dinner,Vegetarian
933,Dairy,17,03-30-2025,478,Catering Service,Lake Regina,Non-Vegetarian,Lunch,Non-Vegetarian
934,Salad,50,03-29-2025,951,Grocery Store,Spenceland,Vegan,Breakfast,Vegan
935,Vegetables,24,03-25-2025,608,Grocery Store,Collinsmouth,Vegetarian,Dinner,Vegan
936,Chicken,32,03-30-2025,381,Supermarket,Martinville,Non-Vegetarian,Breakfast,Non-Vegetarian
937,Bread,18,03-27-2025,916,Catering Service,Patrickfort,Non-Vegetarian,Lunch,Vegetarian
938,Vegetables,7,03-22-2025,162,Restaurant,Penabury,Vegan,Breakfast,Vegan
939,Rice,45,03-18-2025,983,Grocery Store,Herbertbury,Non-Vegetarian,Dinner,Vegan
940,Fish,36,03-27-2025,890,Restaurant,Pereztown, Non-Vegetarian,Lunch,Non-Vegetarian
941,Fish,1,03-16-2025,745,Grocery Store,East Lisa,Non-Vegetarian,Lunch,Non-Vegetarian
942,Rice,44,03-30-2025,591,Grocery Store,New Leslieport,Vegan,Dinner,Vegan
943,Bread,13,03-19-2025,413,Catering Service,North Mike,Vegan,Lunch,Vegetarian
944,Vegetables,41,03-17-2025,807,Supermarket,Williamland,Vegan,Breakfast,Vegan
945,Vegetables,16,03-21-2025,351,Grocery Store,South Stefanietown,Vegetarian,Breakfast,Vegan
946,Vegetables,29,03-26-2025,146,Supermarket,Jonathanhaven,Vegan,Breakfast,Vegan
947,Bread,29,03-19-2025,176,Restaurant,East John,Vegetarian,Breakfast,Vegetarian
948,Fruits,50,03-29-2025,421,Supermarket,Kylehaven,Vegan,Breakfast,Vegan
949,Pasta,15,03-20-2025,632,Supermarket,Davidville,Vegetarian,Breakfast,Vegetarian
950,Pasta,3,03-27-2025,619,Grocery Store,North Katelynland,Vegetarian,Snacks,Vegetarian
951,Vegetables,20,03-16-2025,118,Supermarket,Lake Joseph,Vegan,Lunch,Vegan
952,Pasta,32,03-28-2025,82,Supermarket,West Lauraborough,Vegan,Dinner,Vegetarian
953,Soup,2,03-29-2025,731,Grocery Store,East Christophertown,Vegetarian,Breakfast,Vegetarian
954,Rice,36,03-25-2025,780,Catering Service,North Caitlin,Vegan,Lunch,Vegan
955,Soup,26,03-26-2025,276,Supermarket,Port Eric,Non-Vegetarian,Snacks,Vegetarian
956,Chicken,39,03-30-2025,626,Supermarket,Heathermouth,Non-Vegetarian,Snacks,Non-Vegetarian
957,Fish,39,03-22-2025,10,Catering Service,West Cherylfort,Non-Vegetarian,Lunch,Non-Vegetarian
958,Soup,19,03-20-2025,794,Supermarket,Woodport,Vegetarian,Lunch,Vegetarian
959,Pasta,26,03-18-2025,758,Catering Service,Port Patrick,Vegan,Breakfast,Vegetarian
960,Fish,46,03-27-2025,920,Restaurant,New Calebberg,Non-Vegetarian,Snacks,Non-Vegetarian
961,Soup,22,03-25-2025,66,Restaurant,Lake Michaelfurt,Non-Vegetarian,Lunch,Vegetarian
962,Soup,13,03-28-2025,62,Grocery Store,Marymouth,Vegetarian,Breakfast,Vegetarian
963,Fish,33,03-16-2025,827,Grocery Store,East Kimberly,Non-Vegetarian,Dinner,Non-Vegetarian
964,Rice,46,03-25-2025,192,Catering Service,Leslieville,Vegan,Dinner,Vegan
965,Dairy,44,03-24-2025,791,Grocery Store,West James,Vegetarian,Lunch,Vegetarian
966,Dairy,41,03-25-2025,705,Grocery Store,East Robert,Vegetarian,Snacks,Vegetarian
967,Fruits,34,03-16-2025,357,Supermarket,Donnaborough,Vegan,Snacks,Vegan
968,Rice,45,03-17-2025,789,Grocery Store,Lake Maria,Vegetarian,Lunch,Vegan
969,Soup,50,03-21-2025,208,Restaurant,East Garyton,Non-Vegetarian,Lunch,Vegetarian
970,Fruits,26,03-20-2025,62,Grocery Store,Marymouth,Vegetarian,Breakfast,Vegan
971,Fish,7,03-18-2025,751,Restaurant,East Richardside,Non- Vegetarian,Snacks,Non-Vegetarian
972,Vegetables,21,03-23-2025,984,Catering Service,South Edwardtown,Vegetarian,Dinner,Vegan
973,Fruits,7,03-16-2025,519,Restaurant,Keithburgh,Vegetarian,Breakfast,Vegan
974,Chicken,45,03-17-2025,393,Restaurant,Heatherview,Non-Vegetarian,Lunch,Non-Vegetarian
975,Fish,48,03-19-2025,5,Grocery Store,Valentineside,Non-Vegetarian,Lunch,Non-Vegetarian
976,Vegetables,41,03-19-2025,738,Grocery Store,West Kelli,Vegetarian,Lunch,Vegan
977,Vegetables,12,03-19-2025,514,Supermarket,Maxwellburgh,Vegan,Dinner,Vegan
978,Dairy,14,03-27-2025,743,Supermarket,South Richard,Vegetarian,Snacks,Vegetarian
979,Pasta,43,03-16-2025,584,Supermarket,Moralesside,Vegetarian,Lunch,Vegetarian
980,Chicken,2,03-27-2025,876,Grocery Store,Brookeland,Vegan,Dinner,Non-Vegetarian
981,Dairy,47,03-18-2025,999,Grocery Store,Stevenchester,Vegetarian,Breakfast,Vegetarian
982,Soup,36,03-19-2025,7,Restaurant,Lake Christopherburgh,Vegetarian,Breakfast,Vegetarian
983,Fruits,43,03-22-2025,98,Supermarket,Gardnerfort,Vegetarian,Lunch,Vegan
984,Chicken,26,03-23-2025,234,Catering Service,New Joel,Non-Vegetarian,Dinner,Non-Vegetarian
985,Bread,31,03-16-2025,935,Grocery Store,Ramseyfort,Vegetarian,Dinner,Vegetarian
986,Rice,23,03-24-2025,14,Catering Service,Garciamouth,Vegan,Snacks,Vegan
987,Dairy,6,03-29-2025,557,Restaurant,East Aaron,Vegetarian,Dinner,Vegetarian
988,Soup,44,03-24-2025,517,Grocery Store,Wadeville,Vegan,Lunch,Vegetarian
989,Bread,31,03-19-2025,557,Restaurant,East Aaron,Vegetarian,Snacks,Vegetarian
990,Pasta,11,03-25-2025,720,Restaurant,Francisshire,Vegetarian,Breakfast,Vegetarian
991,Vegetables,7,03-19-2025,432,Restaurant,Carolchester,Vegetarian,Dinner,Vegan
992,Salad,25,03-26-2025,257,Supermarket,Lake Coryhaven,Vegan,Breakfast,Vegan
993,Soup,8,03-28-2025,470,Restaurant,Port Daniellechester,Vegetarian,Lunch,Vegetarian
994,Salad,17,03-29-2025,37,Catering Service,New Amanda,Non-Vegetarian,Snacks,Vegan
995,Rice,37,03-23-2025,868,Grocery Store,Rodriguezview,Vegan,Snacks,Vegan
996,Fish,15,03-30-2025,467,Catering Service,Phillipsfort,Non-Vegetarian,Breakfast,Non-Vegetarian
997,Fish,22,03-18-2025,35,Grocery Store,Andersonmouth,Non-Vegetarian,Breakfast,Non-Vegetarian
998,Fruits,6,03-22-2025,444,Restaurant,New Billy,Vegetarian,Dinner,Vegan
999,Pasta,15,03-30-2025,702,Supermarket,Lake Mistyton,Vegetarian,Lunch,Vegetarian
1000,Salad,18,03-19-2025,155,Supermarket,Charlesview,Non-Vegetarian,Dinner,Vegan
